Channel No,Priority CH,Rx Freq,Tx Freq,Offset Freq,Offset Direction,Auto Mode,Operating Mode,DIG/ANALOG,TAG,Name,Tone Mode,CTCSS Freq,DCS Code,DCS Polarity,User CTCSS,RX DG-ID,TX DG-ID,Tx Power,Skip,AUTO STEP,Step,Memory Mask,ATT,S-Meter SQL,Bell,Narrow,Clock Shift,BANK 1,BANK 2,BANK 3,BANK 4,BANK 5,BANK 6,BANK 7,BANK 8,BANK 9,BANK 10,BANK 11,BANK 12,BANK 13,BANK 14,BANK 15,BANK 16,BANK 17,BANK 18,BANK 19,BANK 20,BANK 21,BANK 22,BANK 23,BANK 24,Comment
1,OFF,144.575,432.675,288.1,+RPT,ON,FM,AMS,ON,ID Kalchrain,TONE,71.9 Hz,023,RX Normal TX Normal,1600 Hz,RX 00,TX 00,High (5W),OFF,ON,6.25KHz,OFF,OFF,OFF,OFF,OFF,OFF,OFF,OFF,OFF,OFF,OFF,OFF,OFF,OFF,OFF,OFF,OFF,OFF,OFF,OFF,OFF,OFF,OFF,OFF,OFF,OFF,OFF,OFF,OFF,OFF,,0,"FM T71.9 2m>70cm"
2,OFF,144.825,144.825,0.6,OFF,ON,FM,DN,ON,AC Pfeffingen,OFF,67.0 Hz,023,RX Normal TX Normal,1600 Hz,RX 00,TX 00,High (5W),OFF,ON,6.25KHz,OFF,OFF,OFF,OFF,OFF,OFF,OFF,OFF,OFF,OFF,OFF,OFF,OFF,OFF,OFF,OFF,OFF,OFF,OFF,OFF,OFF,OFF,OFF,OFF,OFF,OFF,OFF,OFF,OFF,OFF,,0,"HB9AC-L FM EL#609096"
3,OFF,144.825,144.825,0.6,OFF,ON,FM,DN,ON,AW Willisau,OFF,67.0 Hz,023,RX Normal TX Normal,1600 Hz,RX 00,TX 00,High (5W),OFF,ON,6.25KHz,OFF,OFF,OFF,OFF,OFF,OFF,OFF,OFF,OFF,OFF,OFF,OFF,OFF,OFF,OFF,OFF,OFF,OFF,OFF,OFF,OFF,OFF,OFF,OFF,OFF,OFF,OFF,OFF,OFF,OFF,,0,"D-STAR*"
4,OFF,144.825,144.825,0.6,OFF,ON,FM,DN,ON,DS Grosswangen,OFF,67.0 Hz,023,RX Normal TX Normal,1600 Hz,RX 00,TX 00,High (5W),OFF,ON,6.25KHz,OFF,OFF,OFF,OFF,OFF,OFF,OFF,OFF,OFF,OFF,OFF,OFF,OFF,OFF,OFF,OFF,OFF,OFF,OFF,OFF,OFF,OFF,OFF,OFF,OFF,OFF,OFF,OFF,OFF,OFF,,0,"D-STAR Hotspot"
5,OFF,144.825,144.825,0.6,OFF,ON,FM,DN,ON,YSD Verbier,OFF,67.0 Hz,023,RX Normal TX Normal,1600 Hz,RX 00,TX 00,High (5W),OFF,ON,6.25KHz,OFF,OFF,OFF,OFF,OFF,OFF,OFF,OFF,OFF,OFF,OFF,OFF,OFF,OFF,OFF,OFF,OFF,OFF,OFF,OFF,OFF,OFF,OFF,OFF,OFF,OFF,OFF,OFF,OFF,OFF,,0,"D-STAR* CCS#84683"
6,OFF,144.825,144.825,0.6,OFF,ON,FM,DN,ON,Z Forch,OFF,67.0 Hz,023,RX Normal TX Normal,1600 Hz,RX 00,TX 00,High (5W),OFF,ON,6.25KHz,OFF,OFF,OFF,OFF,OFF,OFF,OFF,OFF,OFF,OFF,OFF,OFF,OFF,OFF,OFF,OFF,OFF,OFF,OFF,OFF,OFF,OFF,OFF,OFF,OFF,OFF,OFF,OFF,OFF,OFF,,0,"C4FM #31931"
7,OFF,144.825,144.825,0.6,OFF,ON,FM,DN,ON,MH Pregassona,OFF,67.0 Hz,023,RX Normal TX Normal,1600 Hz,RX 00,TX 00,High (5W),OFF,ON,6.25KHz,OFF,OFF,OFF,OFF,OFF,OFF,OFF,OFF,OFF,OFF,OFF,OFF,OFF,OFF,OFF,OFF,OFF,OFF,OFF,OFF,OFF,OFF,OFF,OFF,OFF,OFF,OFF,OFF,OFF,OFF,,0,"C4FM-Gateway"
8,OFF,144.8375,144.8375,0.6,OFF,ON,FM,DN,ON,FU Hemishofen,OFF,67.0 Hz,023,RX Normal TX Normal,1600 Hz,RX 00,TX 00,High (5W),OFF,ON,6.25KHz,OFF,OFF,OFF,OFF,OFF,OFF,OFF,OFF,OFF,OFF,OFF,OFF,OFF,OFF,OFF,OFF,OFF,OFF,OFF,OFF,OFF,OFF,OFF,OFF,OFF,OFF,OFF,OFF,OFF,OFF,,0,"C4FM-Gate (Wires-X)"
9,OFF,144.85,144.85,0.6,OFF,ON,FM,DN,ON,XC Corgemont,OFF,67.0 Hz,023,RX Normal TX Normal,1600 Hz,RX 00,TX 00,High (5W),OFF,ON,6.25KHz,OFF,OFF,OFF,OFF,OFF,OFF,OFF,OFF,OFF,OFF,OFF,OFF,OFF,OFF,OFF,OFF,OFF,OFF,OFF,OFF,OFF,OFF,OFF,OFF,OFF,OFF,OFF,OFF,OFF,OFF,,0,"C4FM (project 2021)"
10,OFF,144.8625,144.8625,0.6,OFF,ON,FM,DN,ON,OK Poschiavo,OFF,67.0 Hz,023,RX Normal TX Normal,1600 Hz,RX 00,TX 00,High (5W),OFF,ON,6.25KHz,OFF,OFF,OFF,OFF,OFF,OFF,OFF,OFF,OFF,OFF,OFF,OFF,OFF,OFF,OFF,OFF,OFF,OFF,OFF,OFF,OFF,OFF,OFF,OFF,OFF,OFF,OFF,OFF,OFF,OFF,,0,"C4FM/D-STAR/DMR (09/2019)"
11,OFF,144.8625,144.8625,0.6,OFF,ON,FM,AMS,ON,UCQ Tete-de-Ran,TONE,67.0 Hz,023,RX Normal TX Normal,1600 Hz,RX 00,TX 00,High (5W),OFF,ON,6.25KHz,OFF,OFF,OFF,OFF,OFF,OFF,OFF,OFF,OFF,OFF,OFF,OFF,OFF,OFF,OFF,OFF,OFF,OFF,OFF,OFF,OFF,OFF,OFF,OFF,OFF,OFF,OFF,OFF,OFF,OFF,,0,"MM D-STAR/DMR/C4FM/T67.0"
12,OFF,144.8875,144.8875,0.6,OFF,ON,FM,DN,ON,T Chateau-dOex,OFF,67.0 Hz,023,RX Normal TX Normal,1600 Hz,RX 00,TX 00,High (5W),OFF,ON,6.25KHz,OFF,OFF,OFF,OFF,OFF,OFF,OFF,OFF,OFF,OFF,OFF,OFF,OFF,OFF,OFF,OFF,OFF,OFF,OFF,OFF,OFF,OFF,OFF,OFF,OFF,OFF,OFF,OFF,OFF,OFF,,0,"C4FM #31157 (ID HB9HFV)"
13,OFF,144.9,144.9,0.6,OFF,ON,FM,DN,ON,PS Martigny,OFF,67.0 Hz,023,RX Normal TX Normal,1600 Hz,RX 00,TX 00,High (5W),OFF,ON,6.25KHz,OFF,OFF,OFF,OFF,OFF,OFF,OFF,OFF,OFF,OFF,OFF,OFF,OFF,OFF,OFF,OFF,OFF,OFF,OFF,OFF,OFF,OFF,OFF,OFF,OFF,OFF,OFF,OFF,OFF,OFF,,0,"MM DMR/C4FM/D-STAR"
14,OFF,144.925,144.925,0.6,OFF,ON,FM,DN,ON,UCQ La Berra,OFF,67.0 Hz,023,RX Normal TX Normal,1600 Hz,RX 00,TX 00,High (5W),OFF,ON,6.25KHz,OFF,OFF,OFF,OFF,OFF,OFF,OFF,OFF,OFF,OFF,OFF,OFF,OFF,OFF,OFF,OFF,OFF,OFF,OFF,OFF,OFF,OFF,OFF,OFF,OFF,OFF,OFF,OFF,OFF,OFF,,0,"MM D-STAR/DMR/C4FM (2020)"
15,OFF,144.9875,144.9875,0.6,OFF,ON,FM,DN,ON,DS Rothrist,OFF,67.0 Hz,023,RX Normal TX Normal,1600 Hz,RX 00,TX 00,High (5W),OFF,ON,6.25KHz,OFF,OFF,OFF,OFF,OFF,OFF,OFF,OFF,OFF,OFF,OFF,OFF,OFF,OFF,OFF,OFF,OFF,OFF,OFF,OFF,OFF,OFF,OFF,OFF,OFF,OFF,OFF,OFF,OFF,OFF,,0,"D-STAR Hotspot"
16,OFF,145.225,145.225,0.6,OFF,ON,FM,DN,ON,LC Le Maillard,OFF,67.0 Hz,023,RX Normal TX Normal,1600 Hz,RX 00,TX 00,High (5W),OFF,ON,6.25KHz,OFF,OFF,OFF,OFF,OFF,OFF,OFF,OFF,OFF,OFF,OFF,OFF,OFF,OFF,OFF,OFF,OFF,OFF,OFF,OFF,OFF,OFF,OFF,OFF,OFF,OFF,OFF,OFF,OFF,OFF,,0,"FM 1750 Echo 30s"
17,OFF,145.2375,145.2375,0.6,OFF,ON,FM,DN,ON,UCQ Le Paquier-M,OFF,67.0 Hz,023,RX Normal TX Normal,1600 Hz,RX 00,TX 00,High (5W),OFF,ON,6.25KHz,OFF,OFF,OFF,OFF,OFF,OFF,OFF,OFF,OFF,OFF,OFF,OFF,OFF,OFF,OFF,OFF,OFF,OFF,OFF,OFF,OFF,OFF,OFF,OFF,OFF,OFF,OFF,OFF,OFF,OFF,,0,"D-STAR HB9UCQ_C"
18,OFF,145.2875,145.2875,0.6,OFF,ON,FM,AMS,ON,BC Wolfwil,TONE,71.9 Hz,023,RX Normal TX Normal,1600 Hz,RX 00,TX 00,High (5W),OFF,ON,6.25KHz,OFF,OFF,OFF,OFF,OFF,OFF,OFF,OFF,OFF,OFF,OFF,OFF,OFF,OFF,OFF,OFF,OFF,OFF,OFF,OFF,OFF,OFF,OFF,OFF,OFF,OFF,OFF,OFF,OFF,OFF,,0,"EL#929173 NFM T71.9"
19,OFF,145.3375,145.3375,0.6,OFF,ON,FM,AMS,ON,FA Balsthal,DCS,67.0 Hz,023,RX Normal TX Normal,1600 Hz,RX 00,TX 00,High (5W),OFF,ON,6.25KHz,OFF,OFF,OFF,OFF,OFF,OFF,OFF,OFF,OFF,OFF,OFF,OFF,OFF,OFF,OFF,OFF,OFF,OFF,OFF,OFF,OFF,OFF,OFF,OFF,OFF,OFF,OFF,OFF,OFF,OFF,,0,"EL#4710 NFM DCS023"
20,OFF,145.3375,145.3375,0.6,OFF,ON,FM,DN,ON,PE Rougement,OFF,67.0 Hz,023,RX Normal TX Normal,1600 Hz,RX 00,TX 00,High (5W),OFF,ON,6.25KHz,OFF,OFF,OFF,OFF,OFF,OFF,OFF,OFF,OFF,OFF,OFF,OFF,OFF,OFF,OFF,OFF,OFF,OFF,OFF,OFF,OFF,OFF,OFF,OFF,OFF,OFF,OFF,OFF,OFF,OFF,,0,"D-STAR*"
21,OFF,145.3375,145.3375,0.6,OFF,ON,FM,AMS,ON,AK Zernez,TONE,123.0 Hz,023,RX Normal TX Normal,1600 Hz,RX 00,TX 00,High (5W),OFF,ON,6.25KHz,OFF,OFF,OFF,OFF,OFF,OFF,OFF,OFF,OFF,OFF,OFF,OFF,OFF,OFF,OFF,OFF,OFF,OFF,OFF,OFF,OFF,OFF,OFF,OFF,OFF,OFF,OFF,OFF,OFF,OFF,,0,"EL#983475 NFM T123.0"
22,OFF,145.575,144.975,0.6,-RPT,ON,FM,AMS,ON,ZRH Uetliberg,OFF,67.0 Hz,023,RX Normal TX Normal,1600 Hz,RX 00,TX 00,High (5W),OFF,ON,6.25KHz,OFF,OFF,OFF,OFF,OFF,OFF,OFF,OFF,OFF,OFF,OFF,OFF,OFF,OFF,OFF,OFF,OFF,OFF,OFF,OFF,OFF,OFF,OFF,OFF,OFF,OFF,OFF,OFF,OFF,OFF,,0,"D-STAR CCS#80003"
23,OFF,145.575,144.975,0.6,-RPT,ON,FM,AMS,ON,PE Rougement,OFF,67.0 Hz,023,RX Normal TX Normal,1600 Hz,RX 00,TX 00,High (5W),OFF,ON,6.25KHz,OFF,OFF,OFF,OFF,OFF,OFF,OFF,OFF,OFF,OFF,OFF,OFF,OFF,OFF,OFF,OFF,OFF,OFF,OFF,OFF,OFF,OFF,OFF,OFF,OFF,OFF,OFF,OFF,OFF,OFF,,0,"NFM/NXDN (project 2016)"
24,OFF,145.575,144.975,0.6,-RPT,ON,FM,AMS,ON,TA Monte Pecian,TONE,103.5 Hz,023,RX Normal TX Normal,1600 Hz,RX 00,TX 00,High (5W),OFF,ON,6.25KHz,OFF,OFF,OFF,OFF,OFF,OFF,OFF,OFF,OFF,OFF,OFF,OFF,OFF,OFF,OFF,OFF,OFF,OFF,OFF,OFF,OFF,OFF,OFF,OFF,OFF,OFF,OFF,OFF,OFF,OFF,,0,"NFM T103.6 <>Tamaro"
25,OFF,145.5875,144.9875,0.6,-RPT,ON,FM,AMS,ON,HD Oberheid TG,OFF,67.0 Hz,023,RX Normal TX Normal,1600 Hz,RX 00,TX 00,High (5W),OFF,ON,6.25KHz,OFF,OFF,OFF,OFF,OFF,OFF,OFF,OFF,OFF,OFF,OFF,OFF,OFF,OFF,OFF,OFF,OFF,OFF,OFF,OFF,OFF,OFF,OFF,OFF,OFF,OFF,OFF,OFF,OFF,OFF,,0,"D-STAR CCS#95023"
26,OFF,145.5875,144.9875,0.6,-RPT,ON,FM,AMS,ON,RD Chatonnaye,OFF,67.0 Hz,023,RX Normal TX Normal,1600 Hz,RX 00,TX 00,High (5W),OFF,ON,6.25KHz,OFF,OFF,OFF,OFF,OFF,OFF,OFF,OFF,OFF,OFF,OFF,OFF,OFF,OFF,OFF,OFF,OFF,OFF,OFF,OFF,OFF,OFF,OFF,OFF,OFF,OFF,OFF,OFF,OFF,OFF,,0,"DMR-M #228108 CC1"
27,OFF,145.5875,144.9875,0.6,-RPT,ON,FM,AMS,ON,OH Axalp,OFF,67.0 Hz,023,RX Normal TX Normal,1600 Hz,RX 00,TX 00,High (5W),OFF,ON,6.25KHz,OFF,OFF,OFF,OFF,OFF,OFF,OFF,OFF,OFF,OFF,OFF,OFF,OFF,OFF,OFF,OFF,OFF,OFF,OFF,OFF,OFF,OFF,OFF,OFF,OFF,OFF,OFF,OFF,OFF,OFF,,0,"C4FM* (prov. QTH)"
28,OFF,145.6,145,0.6,-RPT,ON,FM,AMS,ON,TA Monte Tamaro,TONE,233.6 Hz,023,RX Normal TX Normal,1600 Hz,RX 00,TX 00,High (5W),OFF,ON,6.25KHz,OFF,OFF,OFF,OFF,OFF,OFF,OFF,OFF,OFF,OFF,OFF,OFF,OFF,OFF,OFF,OFF,OFF,OFF,OFF,OFF,OFF,OFF,OFF,OFF,OFF,OFF,OFF,OFF,OFF,OFF,,0,"EL#644556 T233.6 <>Scura"
29,OFF,145.6,145,0.6,-RPT,ON,FM,AMS,ON,LU Luzern,TONE,71.9 Hz,023,RX Normal TX Normal,1600 Hz,RX 00,TX 00,High (5W),OFF,ON,6.25KHz,OFF,OFF,OFF,OFF,OFF,OFF,OFF,OFF,OFF,OFF,OFF,OFF,OFF,OFF,OFF,OFF,OFF,OFF,OFF,OFF,OFF,OFF,OFF,OFF,OFF,OFF,OFF,OFF,OFF,OFF,,0,"EL#908271 NFM T71.9"
30,OFF,145.6,145,0.6,-RPT,ON,FM,AMS,ON,BS Schonenbuch,TONE,71.9 Hz,023,RX Normal TX Normal,1600 Hz,RX 00,TX 00,High (5W),OFF,ON,6.25KHz,OFF,OFF,OFF,OFF,OFF,OFF,OFF,OFF,OFF,OFF,OFF,OFF,OFF,OFF,OFF,OFF,OFF,OFF,OFF,OFF,OFF,OFF,OFF,OFF,OFF,OFF,OFF,OFF,OFF,OFF,,0,"NFM T71.9 1750Hz"
31,OFF,145.6,145,0.6,-RPT,ON,FM,AMS,ON,MM Les Pleiades,TONE,67.0 Hz,023,RX Normal TX Normal,1600 Hz,RX 00,TX 00,High (5W),OFF,ON,6.25KHz,OFF,OFF,OFF,OFF,OFF,OFF,OFF,OFF,OFF,OFF,OFF,OFF,OFF,OFF,OFF,OFF,OFF,OFF,OFF,OFF,OFF,OFF,OFF,OFF,OFF,OFF,OFF,OFF,OFF,OFF,,0,"NFM T67.0"
32,OFF,145.6,145,0.6,-RPT,ON,FM,AMS,ON,RW Parpaner Roth,OFF,67.0 Hz,023,RX Normal TX Normal,1600 Hz,RX 00,TX 00,High (5W),OFF,ON,6.25KHz,OFF,OFF,OFF,OFF,OFF,OFF,OFF,OFF,OFF,OFF,OFF,OFF,OFF,OFF,OFF,OFF,OFF,OFF,OFF,OFF,OFF,OFF,OFF,OFF,OFF,OFF,OFF,OFF,OFF,OFF,,0,"FM 1750Hz"
33,OFF,145.6125,145.0125,0.6,-RPT,ON,FM,AMS,ON,BO Brienzer Roth,OFF,67.0 Hz,023,RX Normal TX Normal,1600 Hz,RX 00,TX 00,High (5W),OFF,ON,6.25KHz,OFF,OFF,OFF,OFF,OFF,OFF,OFF,OFF,OFF,OFF,OFF,OFF,OFF,OFF,OFF,OFF,OFF,OFF,OFF,OFF,OFF,OFF,OFF,OFF,OFF,OFF,OFF,OFF,OFF,OFF,,0,"D-STAR CCS#43453 DMR"
34,OFF,145.6125,145.0125,0.6,-RPT,ON,FM,AMS,ON,EE Eglisau,TONE,69.3 Hz,023,RX Normal TX Normal,1600 Hz,RX 00,TX 00,High (5W),OFF,ON,6.25KHz,OFF,OFF,OFF,OFF,OFF,OFF,OFF,OFF,OFF,OFF,OFF,OFF,OFF,OFF,OFF,OFF,OFF,OFF,OFF,OFF,OFF,OFF,OFF,OFF,OFF,OFF,OFF,OFF,OFF,OFF,,0,"C4FM NFM T69.3"
35,OFF,145.6125,145.0125,0.6,-RPT,ON,FM,AMS,ON,RW Parpaner Roth,TONE,141.3 Hz,023,RX Normal TX Normal,1600 Hz,RX 00,TX 00,High (5W),OFF,ON,6.25KHz,OFF,OFF,OFF,OFF,OFF,OFF,OFF,OFF,OFF,OFF,OFF,OFF,OFF,OFF,OFF,OFF,OFF,OFF,OFF,OFF,OFF,OFF,OFF,OFF,OFF,OFF,OFF,OFF,OFF,OFF,,0,"QSY from 145.600 T141.3"
36,OFF,145.625,145.025,0.6,-RPT,ON,FM,AMS,ON,Y Moosalpe,TONE,103.5 Hz,023,RX Normal TX Normal,1600 Hz,RX 00,TX 00,High (5W),OFF,ON,6.25KHz,OFF,OFF,OFF,OFF,OFF,OFF,OFF,OFF,OFF,OFF,OFF,OFF,OFF,OFF,OFF,OFF,OFF,OFF,OFF,OFF,OFF,OFF,OFF,OFF,OFF,OFF,OFF,OFF,OFF,OFF,,0,"NFM T103.5"
37,OFF,145.625,145.025,0.6,-RPT,ON,FM,AMS,ON,GE Geneve,OFF,67.0 Hz,023,RX Normal TX Normal,1600 Hz,RX 00,TX 00,High (5W),OFF,ON,6.25KHz,OFF,OFF,OFF,OFF,OFF,OFF,OFF,OFF,OFF,OFF,OFF,OFF,OFF,OFF,OFF,OFF,OFF,OFF,OFF,OFF,OFF,OFF,OFF,OFF,OFF,OFF,OFF,OFF,OFF,OFF,,0,"DMR"
38,OFF,145.625,145.025,0.6,-RPT,ON,FM,AMS,ON,OK Poschiavo,TONE,103.5 Hz,023,RX Normal TX Normal,1600 Hz,RX 00,TX 00,High (5W),OFF,ON,6.25KHz,OFF,OFF,OFF,OFF,OFF,OFF,OFF,OFF,OFF,OFF,OFF,OFF,OFF,OFF,OFF,OFF,OFF,OFF,OFF,OFF,OFF,OFF,OFF,OFF,OFF,OFF,OFF,OFF,OFF,OFF,,0,"C4FM #17731 NFM T103.5"
39,OFF,145.625,145.025,0.6,-RPT,ON,FM,AMS,ON,OK San Salvatore,TONE,123.0 Hz,023,RX Normal TX Normal,1600 Hz,RX 00,TX 00,High (5W),OFF,ON,6.25KHz,OFF,OFF,OFF,OFF,OFF,OFF,OFF,OFF,OFF,OFF,OFF,OFF,OFF,OFF,OFF,OFF,OFF,OFF,OFF,OFF,OFF,OFF,OFF,OFF,OFF,OFF,OFF,OFF,OFF,OFF,,0,"C4FM #18814 FM T123.0"
40,OFF,145.625,145.025,0.6,-RPT,ON,FM,AMS,ON,ND Melchnau,TONE,94.8 Hz,023,RX Normal TX Normal,1600 Hz,RX 00,TX 00,High (5W),OFF,ON,6.25KHz,OFF,OFF,OFF,OFF,OFF,OFF,OFF,OFF,OFF,OFF,OFF,OFF,OFF,OFF,OFF,OFF,OFF,OFF,OFF,OFF,OFF,OFF,OFF,OFF,OFF,OFF,OFF,OFF,OFF,OFF,,0,"NFM T94.8"
41,OFF,145.6375,145.0375,0.6,-RPT,ON,FM,AMS,ON,CF Rigi Scheide,TONE,71.9 Hz,023,RX Normal TX Normal,1600 Hz,RX 00,TX 00,High (5W),OFF,ON,6.25KHz,OFF,OFF,OFF,OFF,OFF,OFF,OFF,OFF,OFF,OFF,OFF,OFF,OFF,OFF,OFF,OFF,OFF,OFF,OFF,OFF,OFF,OFF,OFF,OFF,OFF,OFF,OFF,OFF,OFF,OFF,,0,"NFM T71.9"
42,OFF,145.6375,145.0375,0.6,-RPT,ON,FM,AMS,ON,VSD Verbier,OFF,67.0 Hz,023,RX Normal TX Normal,1600 Hz,RX 00,TX 00,High (5W),OFF,ON,6.25KHz,OFF,OFF,OFF,OFF,OFF,OFF,OFF,OFF,OFF,OFF,OFF,OFF,OFF,OFF,OFF,OFF,OFF,OFF,OFF,OFF,OFF,OFF,OFF,OFF,OFF,OFF,OFF,OFF,OFF,OFF,,0,"MM: NFM DMR NXDN DPMR"
43,OFF,145.6375,145.0375,0.6,-RPT,ON,FM,AMS,ON,ARRS Tete de Ran,OFF,67.0 Hz,023,RX Normal TX Normal,1600 Hz,RX 00,TX 00,High (5W),OFF,ON,6.25KHz,OFF,OFF,OFF,OFF,OFF,OFF,OFF,OFF,OFF,OFF,OFF,OFF,OFF,OFF,OFF,OFF,OFF,OFF,OFF,OFF,OFF,OFF,OFF,OFF,OFF,OFF,OFF,OFF,OFF,OFF,,0,"qrv début 2025, NFM/C4FM"
44,OFF,145.6375,145.0375,0.6,-RPT,ON,FM,AMS,ON,DD Monte Genero,OFF,67.0 Hz,023,RX Normal TX Normal,1600 Hz,RX 00,TX 00,High (5W),OFF,ON,6.25KHz,OFF,OFF,OFF,OFF,OFF,OFF,OFF,OFF,OFF,OFF,OFF,OFF,OFF,OFF,OFF,OFF,OFF,OFF,OFF,OFF,OFF,OFF,OFF,OFF,OFF,OFF,OFF,OFF,OFF,OFF,,0,"FM D-STAR C4FM proj. 2022"
45,OFF,145.65,145.05,0.6,-RPT,ON,FM,AMS,ON,F Magglingen,TONE,94.8 Hz,023,RX Normal TX Normal,1600 Hz,RX 00,TX 00,High (5W),OFF,ON,6.25KHz,OFF,OFF,OFF,OFF,OFF,OFF,OFF,OFF,OFF,OFF,OFF,OFF,OFF,OFF,OFF,OFF,OFF,OFF,OFF,OFF,OFF,OFF,OFF,OFF,OFF,OFF,OFF,OFF,OFF,OFF,,0,"NFM T94.8 DMR* CC1"
46,OFF,145.65,145.05,0.6,-RPT,ON,FM,AMS,ON,AC Pfeffingen,TONE,71.9 Hz,023,RX Normal TX Normal,1600 Hz,RX 00,TX 00,High (5W),OFF,ON,6.25KHz,OFF,OFF,OFF,OFF,OFF,OFF,OFF,OFF,OFF,OFF,OFF,OFF,OFF,OFF,OFF,OFF,OFF,OFF,OFF,OFF,OFF,OFF,OFF,OFF,OFF,OFF,OFF,OFF,OFF,OFF,,0,"C4FM T71.9 project 2021"
47,OFF,145.6625,145.0625,0.6,-RPT,ON,FM,AMS,ON,HAI Weissfluhgip,TONE,141.3 Hz,023,RX Normal TX Normal,1600 Hz,RX 00,TX 00,High (5W),OFF,ON,6.25KHz,OFF,OFF,OFF,OFF,OFF,OFF,OFF,OFF,OFF,OFF,OFF,OFF,OFF,OFF,OFF,OFF,OFF,OFF,OFF,OFF,OFF,OFF,OFF,OFF,OFF,OFF,OFF,OFF,OFF,OFF,,0,"C4FM #28878 NFM T141.3"
48,OFF,145.6875,145.0875,0.6,-RPT,ON,FM,AMS,ON,F Bern-Wankdorf,OFF,67.0 Hz,023,RX Normal TX Normal,1600 Hz,RX 00,TX 00,High (5W),OFF,ON,6.25KHz,OFF,OFF,OFF,OFF,OFF,OFF,OFF,OFF,OFF,OFF,OFF,OFF,OFF,OFF,OFF,OFF,OFF,OFF,OFF,OFF,OFF,OFF,OFF,OFF,OFF,OFF,OFF,OFF,OFF,OFF,,0,"DMR-B #228311 CC1"
49,OFF,145.6875,145.0875,0.6,-RPT,ON,FM,AMS,ON,BO Interlaken,OFF,67.0 Hz,023,RX Normal TX Normal,1600 Hz,RX 00,TX 00,High (5W),OFF,ON,6.25KHz,OFF,OFF,OFF,OFF,OFF,OFF,OFF,OFF,OFF,OFF,OFF,OFF,OFF,OFF,OFF,OFF,OFF,OFF,OFF,OFF,OFF,OFF,OFF,OFF,OFF,OFF,OFF,OFF,OFF,OFF,,0,"DMR-B #228392 CC2"
50,OFF,145.6875,145.0875,0.6,-RPT,ON,FM,AMS,ON,DC Alp Stofel SZ,TONE,77.0 Hz,023,RX Normal TX Normal,1600 Hz,RX 00,TX 00,High (5W),OFF,ON,6.25KHz,OFF,OFF,OFF,OFF,OFF,OFF,OFF,OFF,OFF,OFF,OFF,OFF,OFF,OFF,OFF,OFF,OFF,OFF,OFF,OFF,OFF,OFF,OFF,OFF,OFF,OFF,OFF,OFF,OFF,OFF,,0,"C4FM #17598 NFM T77.0"
51,OFF,145.7,145.1,0.6,-RPT,ON,FM,AMS,ON,F Schilthorn,TONE,94.8 Hz,023,RX Normal TX Normal,1600 Hz,RX 00,TX 00,High (5W),OFF,ON,6.25KHz,OFF,OFF,OFF,OFF,OFF,OFF,OFF,OFF,OFF,OFF,OFF,OFF,OFF,OFF,OFF,OFF,OFF,OFF,OFF,OFF,OFF,OFF,OFF,OFF,OFF,OFF,OFF,OFF,OFF,OFF,,0,"NFM T94.8 APCO-P25"
52,OFF,145.725,145.125,0.6,-RPT,ON,FM,AMS,ON,G Poele Chaud,OFF,67.0 Hz,023,RX Normal TX Normal,1600 Hz,RX 00,TX 00,High (5W),OFF,ON,6.25KHz,OFF,OFF,OFF,OFF,OFF,OFF,OFF,OFF,OFF,OFF,OFF,OFF,OFF,OFF,OFF,OFF,OFF,OFF,OFF,OFF,OFF,OFF,OFF,OFF,OFF,OFF,OFF,OFF,OFF,OFF,,0,"NFM ""G"""
53,OFF,145.725,145.125,0.6,-RPT,ON,FM,AMS,ON,Z Wildberg,TONE,71.9 Hz,023,RX Normal TX Normal,1600 Hz,RX 00,TX 00,High (5W),OFF,ON,6.25KHz,OFF,OFF,OFF,OFF,OFF,OFF,OFF,OFF,OFF,OFF,OFF,OFF,OFF,OFF,OFF,OFF,OFF,OFF,OFF,OFF,OFF,OFF,OFF,OFF,OFF,OFF,OFF,OFF,OFF,OFF,,0,"C4FM #17780 NFM T71.9"
54,OFF,145.725,145.125,0.6,-RPT,ON,FM,AMS,ON,T Rothoechi,TONE,94.8 Hz,023,RX Normal TX Normal,1600 Hz,RX 00,TX 00,High (5W),OFF,ON,6.25KHz,OFF,OFF,OFF,OFF,OFF,OFF,OFF,OFF,OFF,OFF,OFF,OFF,OFF,OFF,OFF,OFF,OFF,OFF,OFF,OFF,OFF,OFF,OFF,OFF,OFF,OFF,OFF,OFF,OFF,OFF,,0,"C4FM NFM T94.8 <>HB9T"
55,OFF,145.7375,145.1375,0.6,-RPT,ON,FM,AMS,ON,FS Bad Ramsach,OFF,67.0 Hz,023,RX Normal TX Normal,1600 Hz,RX 00,TX 00,High (5W),OFF,ON,6.25KHz,OFF,OFF,OFF,OFF,OFF,OFF,OFF,OFF,OFF,OFF,OFF,OFF,OFF,OFF,OFF,OFF,OFF,OFF,OFF,OFF,OFF,OFF,OFF,OFF,OFF,OFF,OFF,OFF,OFF,OFF,,0,"NFM 1750Hz"
56,OFF,145.7375,145.1375,0.6,-RPT,ON,FM,AMS,ON,SP Zuerich,TONE,77.0 Hz,023,RX Normal TX Normal,1600 Hz,RX 00,TX 00,High (5W),OFF,ON,6.25KHz,OFF,OFF,OFF,OFF,OFF,OFF,OFF,OFF,OFF,OFF,OFF,OFF,OFF,OFF,OFF,OFF,OFF,OFF,OFF,OFF,OFF,OFF,OFF,OFF,OFF,OFF,OFF,OFF,OFF,OFF,,0,"NFM T77.0 C4FM#79317"
57,OFF,145.7375,145.1375,0.6,-RPT,ON,FM,AMS,ON,RAR Morlon,OFF,67.0 Hz,023,RX Normal TX Normal,1600 Hz,RX 00,TX 00,High (5W),OFF,ON,6.25KHz,OFF,OFF,OFF,OFF,OFF,OFF,OFF,OFF,OFF,OFF,OFF,OFF,OFF,OFF,OFF,OFF,OFF,OFF,OFF,OFF,OFF,OFF,OFF,OFF,OFF,OFF,OFF,OFF,OFF,OFF,,0,"D-STAR* CCS#20603"
58,OFF,145.7375,145.1375,0.6,-RPT,ON,FM,AMS,ON,UCQ Tete-de-Ran,OFF,67.0 Hz,023,RX Normal TX Normal,1600 Hz,RX 00,TX 00,High (5W),OFF,ON,6.25KHz,OFF,OFF,OFF,OFF,OFF,OFF,OFF,OFF,OFF,OFF,OFF,OFF,OFF,OFF,OFF,OFF,OFF,OFF,OFF,OFF,OFF,OFF,OFF,OFF,OFF,OFF,OFF,OFF,OFF,OFF,,0,"project 2024, FM/C4FM/D*"
59,OFF,145.75,145.15,0.6,-RPT,ON,FM,AMS,ON,Y Sex Carro,OFF,67.0 Hz,023,RX Normal TX Normal,1600 Hz,RX 00,TX 00,High (5W),OFF,ON,6.25KHz,OFF,OFF,OFF,OFF,OFF,OFF,OFF,OFF,OFF,OFF,OFF,OFF,OFF,OFF,OFF,OFF,OFF,OFF,OFF,OFF,OFF,OFF,OFF,OFF,OFF,OFF,OFF,OFF,OFF,OFF,,0,"NFM 1750Hz"
60,OFF,145.75,145.15,0.6,-RPT,ON,FM,AMS,ON,BC Laeufelfingen,TONE,82.5 Hz,023,RX Normal TX Normal,1600 Hz,RX 00,TX 00,High (5W),OFF,ON,6.25KHz,OFF,OFF,OFF,OFF,OFF,OFF,OFF,OFF,OFF,OFF,OFF,OFF,OFF,OFF,OFF,OFF,OFF,OFF,OFF,OFF,OFF,OFF,OFF,OFF,OFF,OFF,OFF,OFF,OFF,OFF,,0,"EL#208314 T82.5 D-STAR"
61,OFF,145.7625,145.1625,0.6,-RPT,ON,FM,AMS,ON,H Monte Tamaro,TONE,103.5 Hz,023,RX Normal TX Normal,1600 Hz,RX 00,TX 00,High (5W),OFF,ON,6.25KHz,OFF,OFF,OFF,OFF,OFF,OFF,OFF,OFF,OFF,OFF,OFF,OFF,OFF,OFF,OFF,OFF,OFF,OFF,OFF,OFF,OFF,OFF,OFF,OFF,OFF,OFF,OFF,OFF,OFF,OFF,,0,"NFM C4FM T103.5"
62,OFF,145.7625,145.1625,0.6,-RPT,ON,FM,AMS,ON,ZF Bachtel,TONE,71.9 Hz,023,RX Normal TX Normal,1600 Hz,RX 00,TX 00,High (5W),OFF,ON,6.25KHz,OFF,OFF,OFF,OFF,OFF,OFF,OFF,OFF,OFF,OFF,OFF,OFF,OFF,OFF,OFF,OFF,OFF,OFF,OFF,OFF,OFF,OFF,OFF,OFF,OFF,OFF,OFF,OFF,OFF,OFF,,0,"NFM T71.9"
63,OFF,145.7625,145.1625,0.6,-RPT,ON,FM,AMS,ON,IAC La Barillet,DCS,67.0 Hz,115,RX Normal TX Normal,1600 Hz,RX 00,TX 00,High (5W),OFF,ON,6.25KHz,OFF,OFF,OFF,OFF,OFF,OFF,OFF,OFF,OFF,OFF,OFF,OFF,OFF,OFF,OFF,OFF,OFF,OFF,OFF,OFF,OFF,OFF,OFF,OFF,OFF,OFF,OFF,OFF,OFF,OFF,,0,"D-STAR DCS115A"
64,OFF,145.7625,145.1625,0.6,-RPT,ON,FM,AMS,ON,GOMS Reckingen ,TONE,71.9 Hz,023,RX Normal TX Normal,1600 Hz,RX 00,TX 00,High (5W),OFF,ON,6.25KHz,OFF,OFF,OFF,OFF,OFF,OFF,OFF,OFF,OFF,OFF,OFF,OFF,OFF,OFF,OFF,OFF,OFF,OFF,OFF,OFF,OFF,OFF,OFF,OFF,OFF,OFF,OFF,OFF,OFF,OFF,,0,"NFM T71.9 QRT"
65,OFF,145.775,145.175,0.6,-RPT,ON,FM,AMS,ON,AG Laegern,TONE,77.0 Hz,023,RX Normal TX Normal,1600 Hz,RX 00,TX 00,High (5W),OFF,ON,6.25KHz,OFF,OFF,OFF,OFF,OFF,OFF,OFF,OFF,OFF,OFF,OFF,OFF,OFF,OFF,OFF,OFF,OFF,OFF,OFF,OFF,OFF,OFF,OFF,OFF,OFF,OFF,OFF,OFF,OFF,OFF,,0,"NFM T77.0"
66,OFF,145.7875,145.1875,0.6,-RPT,ON,FM,AMS,ON,AW Twerenegg,OFF,67.0 Hz,023,RX Normal TX Normal,1600 Hz,RX 00,TX 00,High (5W),OFF,ON,6.25KHz,OFF,OFF,OFF,OFF,OFF,OFF,OFF,OFF,OFF,OFF,OFF,OFF,OFF,OFF,OFF,OFF,OFF,OFF,OFF,OFF,OFF,OFF,OFF,OFF,OFF,OFF,OFF,OFF,OFF,OFF,,0,"D-STAR CCS#61303"
67,OFF,145.7875,145.1875,0.6,-RPT,ON,FM,AMS,ON,PE Chateau-dOeux,OFF,67.0 Hz,023,RX Normal TX Normal,1600 Hz,RX 00,TX 00,High (5W),OFF,ON,6.25KHz,OFF,OFF,OFF,OFF,OFF,OFF,OFF,OFF,OFF,OFF,OFF,OFF,OFF,OFF,OFF,OFF,OFF,OFF,OFF,OFF,OFF,OFF,OFF,OFF,OFF,OFF,OFF,OFF,OFF,OFF,,0,"DMR-B #228126 CC5"
68,OFF,145.7875,145.1875,0.6,-RPT,ON,FM,AMS,ON,GR Weisshorn,TONE,141.3 Hz,023,RX Normal TX Normal,1600 Hz,RX 00,TX 00,High (5W),OFF,ON,6.25KHz,OFF,OFF,OFF,OFF,OFF,OFF,OFF,OFF,OFF,OFF,OFF,OFF,OFF,OFF,OFF,OFF,OFF,OFF,OFF,OFF,OFF,OFF,OFF,OFF,OFF,OFF,OFF,OFF,OFF,OFF,,0,"C4FM* #17586 NFM T141.3"
69,OFF,432.675,144.575,7.6,-RPT,ON,FM,AMS,ON,ID Kalchrain,TONE,71.9 Hz,023,RX Normal TX Normal,1600 Hz,RX 00,TX 00,High (5W),OFF,ON,6.25KHz,OFF,OFF,OFF,OFF,OFF,OFF,OFF,OFF,OFF,OFF,OFF,OFF,OFF,OFF,OFF,OFF,OFF,OFF,OFF,OFF,OFF,OFF,OFF,OFF,OFF,OFF,OFF,OFF,OFF,OFF,,0,"FM T71.9 70cm>2m"
70,OFF,432.7375,432.7375,7.6,OFF,ON,FM,AMS,ON,RAR Morlon,OFF,67.0 Hz,023,RX Normal TX Normal,1600 Hz,RX 00,TX 00,High (5W),OFF,ON,6.25KHz,OFF,OFF,OFF,OFF,OFF,OFF,OFF,OFF,OFF,OFF,OFF,OFF,OFF,OFF,OFF,OFF,OFF,OFF,OFF,OFF,OFF,OFF,OFF,OFF,OFF,OFF,OFF,OFF,OFF,OFF,,0,"D-STAR*"
71,OFF,432.75,432.75,7.6,OFF,ON,FM,AMS,ON,AW Sursee,OFF,67.0 Hz,023,RX Normal TX Normal,1600 Hz,RX 00,TX 00,High (5W),OFF,ON,6.25KHz,OFF,OFF,OFF,OFF,OFF,OFF,OFF,OFF,OFF,OFF,OFF,OFF,OFF,OFF,OFF,OFF,OFF,OFF,OFF,OFF,OFF,OFF,OFF,OFF,OFF,OFF,OFF,OFF,OFF,OFF,,0,"D-STAR*"
72,OFF,432.775,432.775,7.6,OFF,ON,FM,AMS,ON,AW Willisau,OFF,67.0 Hz,023,RX Normal TX Normal,1600 Hz,RX 00,TX 00,High (5W),OFF,ON,6.25KHz,OFF,OFF,OFF,OFF,OFF,OFF,OFF,OFF,OFF,OFF,OFF,OFF,OFF,OFF,OFF,OFF,OFF,OFF,OFF,OFF,OFF,OFF,OFF,OFF,OFF,OFF,OFF,OFF,OFF,OFF,,0,"D-STAR*"
73,OFF,432.825,432.825,7.6,OFF,ON,FM,AMS,ON,F Brienz,TONE,94.8 Hz,023,RX Normal TX Normal,1600 Hz,RX 00,TX 00,High (5W),OFF,ON,6.25KHz,OFF,OFF,OFF,OFF,OFF,OFF,OFF,OFF,OFF,OFF,OFF,OFF,OFF,OFF,OFF,OFF,OFF,OFF,OFF,OFF,OFF,OFF,OFF,OFF,OFF,OFF,OFF,OFF,OFF,OFF,,0,"EL#258487 FM T94.8"
74,OFF,434.5,434.5,7.6,OFF,ON,FM,AMS,ON,DS Buttisholz,OFF,67.0 Hz,023,RX Normal TX Normal,1600 Hz,RX 00,TX 00,High (5W),OFF,ON,6.25KHz,OFF,OFF,OFF,OFF,OFF,OFF,OFF,OFF,OFF,OFF,OFF,OFF,OFF,OFF,OFF,OFF,OFF,OFF,OFF,OFF,OFF,OFF,OFF,OFF,OFF,OFF,OFF,OFF,OFF,OFF,,0,"D-STAR HOTSPOT"
75,OFF,438.025,438.025,7.6,OFF,ON,FM,AMS,ON,XC Tavannes,OFF,67.0 Hz,023,RX Normal TX Normal,1600 Hz,RX 00,TX 00,High (5W),OFF,ON,6.25KHz,OFF,OFF,OFF,OFF,OFF,OFF,OFF,OFF,OFF,OFF,OFF,OFF,OFF,OFF,OFF,OFF,OFF,OFF,OFF,OFF,OFF,OFF,OFF,OFF,OFF,OFF,OFF,OFF,OFF,OFF,,0,"C4FM (project 2021)"
76,OFF,438.0375,430.4375,7.6,-RPT,ON,FM,AMS,ON,BO Brienzer Roth,OFF,67.0 Hz,023,RX Normal TX Normal,1600 Hz,RX 00,TX 00,High (5W),OFF,ON,6.25KHz,OFF,OFF,OFF,OFF,OFF,OFF,OFF,OFF,OFF,OFF,OFF,OFF,OFF,OFF,OFF,OFF,OFF,OFF,OFF,OFF,OFF,OFF,OFF,OFF,OFF,OFF,OFF,OFF,OFF,OFF,,0,"APCO P25"
77,OFF,438.1,438.1,7.6,OFF,ON,FM,AMS,ON,GL Eschenbach,OFF,67.0 Hz,023,RX Normal TX Normal,1600 Hz,RX 00,TX 00,High (5W),OFF,ON,6.25KHz,OFF,OFF,OFF,OFF,OFF,OFF,OFF,OFF,OFF,OFF,OFF,OFF,OFF,OFF,OFF,OFF,OFF,OFF,OFF,OFF,OFF,OFF,OFF,OFF,OFF,OFF,OFF,OFF,OFF,OFF,,0,"C4FM #17263"
78,OFF,438.15,438.15,7.6,OFF,ON,FM,AMS,ON,GL Riedern GL,OFF,67.0 Hz,023,RX Normal TX Normal,1600 Hz,RX 00,TX 00,High (5W),OFF,ON,6.25KHz,OFF,OFF,OFF,OFF,OFF,OFF,OFF,OFF,OFF,OFF,OFF,OFF,OFF,OFF,OFF,OFF,OFF,OFF,OFF,OFF,OFF,OFF,OFF,OFF,OFF,OFF,OFF,OFF,OFF,OFF,,0,"C4FM #17093"
79,OFF,438.15,438.15,7.6,OFF,ON,FM,AMS,ON,EE Huentwangen,OFF,67.0 Hz,023,RX Normal TX Normal,1600 Hz,RX 00,TX 00,High (5W),OFF,ON,6.25KHz,OFF,OFF,OFF,OFF,OFF,OFF,OFF,OFF,OFF,OFF,OFF,OFF,OFF,OFF,OFF,OFF,OFF,OFF,OFF,OFF,OFF,OFF,OFF,OFF,OFF,OFF,OFF,OFF,OFF,OFF,,0,"project 2020"
80,OFF,438.175,438.175,7.6,OFF,ON,FM,AMS,ON,GL Nuolen,OFF,67.0 Hz,023,RX Normal TX Normal,1600 Hz,RX 00,TX 00,High (5W),OFF,ON,6.25KHz,OFF,OFF,OFF,OFF,OFF,OFF,OFF,OFF,OFF,OFF,OFF,OFF,OFF,OFF,OFF,OFF,OFF,OFF,OFF,OFF,OFF,OFF,OFF,OFF,OFF,OFF,OFF,OFF,OFF,OFF,,0,"C4FM #17315"
81,OFF,438.2,430.6,7.6,-RPT,ON,FM,AMS,ON,DR Wohlen,OFF,67.0 Hz,023,RX Normal TX Normal,1600 Hz,RX 00,TX 00,High (5W),OFF,ON,6.25KHz,OFF,OFF,OFF,OFF,OFF,OFF,OFF,OFF,OFF,OFF,OFF,OFF,OFF,OFF,OFF,OFF,OFF,OFF,OFF,OFF,OFF,OFF,OFF,OFF,OFF,OFF,OFF,OFF,OFF,OFF,,0,"DMR-I #228501 CC1 SWISS"
82,OFF,438.2,430.6,7.6,-RPT,ON,FM,AMS,ON,FG Le Landeron,TONE,67.0 Hz,023,RX Normal TX Normal,1600 Hz,RX 00,TX 00,High (5W),OFF,ON,6.25KHz,OFF,OFF,OFF,OFF,OFF,OFF,OFF,OFF,OFF,OFF,OFF,OFF,OFF,OFF,OFF,OFF,OFF,OFF,OFF,OFF,OFF,OFF,OFF,OFF,OFF,OFF,OFF,OFF,OFF,OFF,,0,"C4FM* NFM T67.0"
83,OFF,438.2,430.6,7.6,-RPT,ON,FM,AMS,ON,G Petit Lancy,OFF,67.0 Hz,023,RX Normal TX Normal,1600 Hz,RX 00,TX 00,High (5W),OFF,ON,6.25KHz,OFF,OFF,OFF,OFF,OFF,OFF,OFF,OFF,OFF,OFF,OFF,OFF,OFF,OFF,OFF,OFF,OFF,OFF,OFF,OFF,OFF,OFF,OFF,OFF,OFF,OFF,OFF,OFF,OFF,OFF,,0,"MMDV"
84,OFF,438.2125,430.6125,7.6,-RPT,ON,FM,AMS,ON,F Schilthorn,OFF,67.0 Hz,023,RX Normal TX Normal,1600 Hz,RX 00,TX 00,High (5W),OFF,ON,6.25KHz,OFF,OFF,OFF,OFF,OFF,OFF,OFF,OFF,OFF,OFF,OFF,OFF,OFF,OFF,OFF,OFF,OFF,OFF,OFF,OFF,OFF,OFF,OFF,OFF,OFF,OFF,OFF,OFF,OFF,OFF,,0,"DMR-B #228302 CC1"
85,OFF,438.2125,430.6125,7.6,-RPT,ON,FM,AMS,ON,DC Maennedorf,OFF,67.0 Hz,023,RX Normal TX Normal,1600 Hz,RX 00,TX 00,High (5W),OFF,ON,6.25KHz,OFF,OFF,OFF,OFF,OFF,OFF,OFF,OFF,OFF,OFF,OFF,OFF,OFF,OFF,OFF,OFF,OFF,OFF,OFF,OFF,OFF,OFF,OFF,OFF,OFF,OFF,OFF,OFF,OFF,OFF,,0,"DMR-B #228802 CC5"
86,OFF,438.2125,430.6125,7.6,-RPT,ON,FM,AMS,ON,DR StGallen,OFF,67.0 Hz,023,RX Normal TX Normal,1600 Hz,RX 00,TX 00,High (5W),OFF,ON,6.25KHz,OFF,OFF,OFF,OFF,OFF,OFF,OFF,OFF,OFF,OFF,OFF,OFF,OFF,OFF,OFF,OFF,OFF,OFF,OFF,OFF,OFF,OFF,OFF,OFF,OFF,OFF,OFF,OFF,OFF,OFF,,0,"MM DMR-B/I #228903 CC1"
87,OFF,438.225,430.625,7.6,-RPT,ON,FM,AMS,ON,BA Weissenstein,OFF,67.0 Hz,023,RX Normal TX Normal,1600 Hz,RX 00,TX 00,High (5W),OFF,ON,6.25KHz,OFF,OFF,OFF,OFF,OFF,OFF,OFF,OFF,OFF,OFF,OFF,OFF,OFF,OFF,OFF,OFF,OFF,OFF,OFF,OFF,OFF,OFF,OFF,OFF,OFF,OFF,OFF,OFF,OFF,OFF,,0,"DMR-B #228402 CC1"
88,OFF,438.225,430.625,7.6,-RPT,ON,FM,AMS,ON,DR StGallen,OFF,67.0 Hz,023,RX Normal TX Normal,1600 Hz,RX 00,TX 00,High (5W),OFF,ON,6.25KHz,OFF,OFF,OFF,OFF,OFF,OFF,OFF,OFF,OFF,OFF,OFF,OFF,OFF,OFF,OFF,OFF,OFF,OFF,OFF,OFF,OFF,OFF,OFF,OFF,OFF,OFF,OFF,OFF,OFF,OFF,,0,"DMR-I #228901 CC2 SWISS"
89,OFF,438.225,430.625,7.6,-RPT,ON,FM,AMS,ON,CF Andermatt,OFF,67.0 Hz,023,RX Normal TX Normal,1600 Hz,RX 00,TX 00,High (5W),OFF,ON,6.25KHz,OFF,OFF,OFF,OFF,OFF,OFF,OFF,OFF,OFF,OFF,OFF,OFF,OFF,OFF,OFF,OFF,OFF,OFF,OFF,OFF,OFF,OFF,OFF,OFF,OFF,OFF,OFF,OFF,OFF,OFF,,0,"DMR-B #228612 CC3"
90,OFF,438.2375,430.6375,7.6,-RPT,ON,FM,AMS,ON,BG Belp,OFF,67.0 Hz,023,RX Normal TX Normal,1600 Hz,RX 00,TX 00,High (5W),OFF,ON,6.25KHz,OFF,OFF,OFF,OFF,OFF,OFF,OFF,OFF,OFF,OFF,OFF,OFF,OFF,OFF,OFF,OFF,OFF,OFF,OFF,OFF,OFF,OFF,OFF,OFF,OFF,OFF,OFF,OFF,OFF,OFF,,0,"DMR* #228306"
91,OFF,438.2375,430.6375,7.6,-RPT,ON,FM,AMS,ON,NF Sternenberg,TONE,71.9 Hz,023,RX Normal TX Normal,1600 Hz,RX 00,TX 00,High (5W),OFF,ON,6.25KHz,OFF,OFF,OFF,OFF,OFF,OFF,OFF,OFF,OFF,OFF,OFF,OFF,OFF,OFF,OFF,OFF,OFF,OFF,OFF,OFF,OFF,OFF,OFF,OFF,OFF,OFF,OFF,OFF,OFF,OFF,,0,"C4FM* NFM T71.9"
92,OFF,438.2375,430.6375,7.6,-RPT,ON,FM,AMS,ON,NF Warten,TONE,67.0 Hz,023,RX Normal TX Normal,1600 Hz,RX 00,TX 00,High (5W),OFF,ON,6.25KHz,OFF,OFF,OFF,OFF,OFF,OFF,OFF,OFF,OFF,OFF,OFF,OFF,OFF,OFF,OFF,OFF,OFF,OFF,OFF,OFF,OFF,OFF,OFF,OFF,OFF,OFF,OFF,OFF,OFF,OFF,,0,"C4FM* NFM T67.0"
93,OFF,438.25,430.65,7.6,-RPT,ON,FM,AMS,ON,ID StIddaburg,TONE,71.9 Hz,023,RX Normal TX Normal,1600 Hz,RX 00,TX 00,High (5W),OFF,ON,6.25KHz,OFF,OFF,OFF,OFF,OFF,OFF,OFF,OFF,OFF,OFF,OFF,OFF,OFF,OFF,OFF,OFF,OFF,OFF,OFF,OFF,OFF,OFF,OFF,OFF,OFF,OFF,OFF,OFF,OFF,OFF,,0,"C4FM* NFM T71.9"
94,OFF,438.25,430.65,7.6,-RPT,ON,FM,AMS,ON,IPA Steinhof,OFF,67.0 Hz,023,RX Normal TX Normal,1600 Hz,RX 00,TX 00,High (5W),OFF,ON,6.25KHz,OFF,OFF,OFF,OFF,OFF,OFF,OFF,OFF,OFF,OFF,OFF,OFF,OFF,OFF,OFF,OFF,OFF,OFF,OFF,OFF,OFF,OFF,OFF,OFF,OFF,OFF,OFF,OFF,OFF,OFF,,0,"C4FM #17765"
95,OFF,438.2625,430.6625,7.6,-RPT,ON,FM,AMS,ON,OH Brienzwiler,TONE,77.0 Hz,023,RX Normal TX Normal,1600 Hz,RX 00,TX 00,High (5W),OFF,ON,6.25KHz,OFF,OFF,OFF,OFF,OFF,OFF,OFF,OFF,OFF,OFF,OFF,OFF,OFF,OFF,OFF,OFF,OFF,OFF,OFF,OFF,OFF,OFF,OFF,OFF,OFF,OFF,OFF,OFF,OFF,OFF,,0,"C4FM #17779 NFM T77.0"
96,OFF,438.2625,430.6625,7.6,-RPT,ON,FM,AMS,ON,DR Chur,OFF,67.0 Hz,023,RX Normal TX Normal,1600 Hz,RX 00,TX 00,High (5W),OFF,ON,6.25KHz,OFF,OFF,OFF,OFF,OFF,OFF,OFF,OFF,OFF,OFF,OFF,OFF,OFF,OFF,OFF,OFF,OFF,OFF,OFF,OFF,OFF,OFF,OFF,OFF,OFF,OFF,OFF,OFF,OFF,OFF,,0,"DMR-I #228703 CC1 SWISS"
97,OFF,438.2625,430.6625,7.6,-RPT,ON,FM,AMS,ON,ZF Uetliberg,OFF,67.0 Hz,023,RX Normal TX Normal,1600 Hz,RX 00,TX 00,High (5W),OFF,ON,6.25KHz,OFF,OFF,OFF,OFF,OFF,OFF,OFF,OFF,OFF,OFF,OFF,OFF,OFF,OFF,OFF,OFF,OFF,OFF,OFF,OFF,OFF,OFF,OFF,OFF,OFF,OFF,OFF,OFF,OFF,OFF,,0,"DMR-B #228811 CC2"
98,OFF,438.2625,430.6625,7.6,-RPT,ON,FM,AMS,ON,DM Liestal,OFF,67.0 Hz,023,RX Normal TX Normal,1600 Hz,RX 00,TX 00,High (5W),OFF,ON,6.25KHz,OFF,OFF,OFF,OFF,OFF,OFF,OFF,OFF,OFF,OFF,OFF,OFF,OFF,OFF,OFF,OFF,OFF,OFF,OFF,OFF,OFF,OFF,OFF,OFF,OFF,OFF,OFF,OFF,OFF,OFF,,0,"NXDN-Relais"
99,OFF,438.2625,430.6625,7.6,-RPT,ON,FM,AMS,ON,JEZ StGallen,OFF,67.0 Hz,023,RX Normal TX Normal,1600 Hz,RX 00,TX 00,High (5W),OFF,ON,6.25KHz,OFF,OFF,OFF,OFF,OFF,OFF,OFF,OFF,OFF,OFF,OFF,OFF,OFF,OFF,OFF,OFF,OFF,OFF,OFF,OFF,OFF,OFF,OFF,OFF,OFF,OFF,OFF,OFF,OFF,OFF,,0,"DMR-B #228902 CC1 (inoff)"
100,OFF,438.275,430.675,7.6,-RPT,ON,FM,AMS,ON,CR Grindel,OFF,67.0 Hz,023,RX Normal TX Normal,1600 Hz,RX 00,TX 00,High (5W),OFF,ON,6.25KHz,OFF,OFF,OFF,OFF,OFF,OFF,OFF,OFF,OFF,OFF,OFF,OFF,OFF,OFF,OFF,OFF,OFF,OFF,OFF,OFF,OFF,OFF,OFF,OFF,OFF,OFF,OFF,OFF,OFF,OFF,,0,"C4FM #18712"
101,OFF,438.2875,430.6875,7.6,-RPT,ON,FM,AMS,ON,GF Leidenberg,TONE,71.9 Hz,023,RX Normal TX Normal,1600 Hz,RX 00,TX 00,High (5W),OFF,ON,6.25KHz,OFF,OFF,OFF,OFF,OFF,OFF,OFF,OFF,OFF,OFF,OFF,OFF,OFF,OFF,OFF,OFF,OFF,OFF,OFF,OFF,OFF,OFF,OFF,OFF,OFF,OFF,OFF,OFF,OFF,OFF,,0,"DMR* NFM T71.9 <>Menzberg"
102,OFF,438.2875,430.6875,7.6,-RPT,ON,FM,AMS,ON,GF Menzberg LU,OFF,67.0 Hz,023,RX Normal TX Normal,1600 Hz,RX 00,TX 00,High (5W),OFF,ON,6.25KHz,OFF,OFF,OFF,OFF,OFF,OFF,OFF,OFF,OFF,OFF,OFF,OFF,OFF,OFF,OFF,OFF,OFF,OFF,OFF,OFF,OFF,OFF,OFF,OFF,OFF,OFF,OFF,OFF,OFF,OFF,,0,"DMR/NFM <>Leidenberg"
103,OFF,438.2875,430.6875,7.6,-RPT,ON,FM,AMS,ON,EE Etzgen,OFF,67.0 Hz,023,RX Normal TX Normal,1600 Hz,RX 00,TX 00,High (5W),OFF,ON,6.25KHz,OFF,OFF,OFF,OFF,OFF,OFF,OFF,OFF,OFF,OFF,OFF,OFF,OFF,OFF,OFF,OFF,OFF,OFF,OFF,OFF,OFF,OFF,OFF,OFF,OFF,OFF,OFF,OFF,OFF,OFF,,0,"C4FM #31504"
104,OFF,438.3,430.7,7.6,-RPT,ON,FM,AMS,ON,AR Geneve,OFF,67.0 Hz,023,RX Normal TX Normal,1600 Hz,RX 00,TX 00,High (5W),OFF,ON,6.25KHz,OFF,OFF,OFF,OFF,OFF,OFF,OFF,OFF,OFF,OFF,OFF,OFF,OFF,OFF,OFF,OFF,OFF,OFF,OFF,OFF,OFF,OFF,OFF,OFF,OFF,OFF,OFF,OFF,OFF,OFF,,0,"D-STAR CCS#41812"
105,OFF,438.3,430.7,7.6,-RPT,ON,FM,AMS,ON,GR Chur,TONE,141.3 Hz,023,RX Normal TX Normal,1600 Hz,RX 00,TX 00,High (5W),OFF,ON,6.25KHz,OFF,OFF,OFF,OFF,OFF,OFF,OFF,OFF,OFF,OFF,OFF,OFF,OFF,OFF,OFF,OFF,OFF,OFF,OFF,OFF,OFF,OFF,OFF,OFF,OFF,OFF,OFF,OFF,OFF,OFF,,0,"C4FM #17586 NFM T141.3"
106,OFF,438.3125,430.7125,7.6,-RPT,ON,FM,AMS,ON,DC Alp Stofel SZ,OFF,67.0 Hz,023,RX Normal TX Normal,1600 Hz,RX 00,TX 00,High (5W),OFF,ON,6.25KHz,OFF,OFF,OFF,OFF,OFF,OFF,OFF,OFF,OFF,OFF,OFF,OFF,OFF,OFF,OFF,OFF,OFF,OFF,OFF,OFF,OFF,OFF,OFF,OFF,OFF,OFF,OFF,OFF,OFF,OFF,,0,"DMR-B #228808 C5"
107,OFF,438.3125,430.7125,7.6,-RPT,ON,FM,AMS,ON,CSR Laufen,OFF,67.0 Hz,023,RX Normal TX Normal,1600 Hz,RX 00,TX 00,High (5W),OFF,ON,6.25KHz,OFF,OFF,OFF,OFF,OFF,OFF,OFF,OFF,OFF,OFF,OFF,OFF,OFF,OFF,OFF,OFF,OFF,OFF,OFF,OFF,OFF,OFF,OFF,OFF,OFF,OFF,OFF,OFF,OFF,OFF,,0,"DMR-B #228410 CC1"
108,OFF,438.3125,430.7125,7.6,-RPT,ON,FM,AMS,ON,VD Middes,OFF,67.0 Hz,023,RX Normal TX Normal,1600 Hz,RX 00,TX 00,High (5W),OFF,ON,6.25KHz,OFF,OFF,OFF,OFF,OFF,OFF,OFF,OFF,OFF,OFF,OFF,OFF,OFF,OFF,OFF,OFF,OFF,OFF,OFF,OFF,OFF,OFF,OFF,OFF,OFF,OFF,OFF,OFF,OFF,OFF,,0,"D-STAR* HB9VD__A"
109,OFF,438.325,430.725,7.6,-RPT,ON,FM,AMS,ON,BG Falkenfluh,OFF,67.0 Hz,023,RX Normal TX Normal,1600 Hz,RX 00,TX 00,High (5W),OFF,ON,6.25KHz,OFF,OFF,OFF,OFF,OFF,OFF,OFF,OFF,OFF,OFF,OFF,OFF,OFF,OFF,OFF,OFF,OFF,OFF,OFF,OFF,OFF,OFF,OFF,OFF,OFF,OFF,OFF,OFF,OFF,OFF,,0,"DMR* #228307"
110,OFF,438.325,430.725,7.6,-RPT,ON,FM,AMS,ON,DM Laeufelfingen,OFF,67.0 Hz,023,RX Normal TX Normal,1600 Hz,RX 00,TX 00,High (5W),OFF,ON,6.25KHz,OFF,OFF,OFF,OFF,OFF,OFF,OFF,OFF,OFF,OFF,OFF,OFF,OFF,OFF,OFF,OFF,OFF,OFF,OFF,OFF,OFF,OFF,OFF,OFF,OFF,OFF,OFF,OFF,OFF,OFF,,0,"DMR-B #228414 CC2"
111,OFF,438.3375,430.7375,7.6,-RPT,ON,FM,AMS,ON,DC Alp Stofel SZ,TONE,77.0 Hz,023,RX Normal TX Normal,1600 Hz,RX 00,TX 00,High (5W),OFF,ON,6.25KHz,OFF,OFF,OFF,OFF,OFF,OFF,OFF,OFF,OFF,OFF,OFF,OFF,OFF,OFF,OFF,OFF,OFF,OFF,OFF,OFF,OFF,OFF,OFF,OFF,OFF,OFF,OFF,OFF,OFF,OFF,,0,"APCO P25$293 NFM T77.0"
112,OFF,438.3375,430.7375,7.6,-RPT,ON,FM,AMS,ON,VD Le Chasseron,OFF,67.0 Hz,023,RX Normal TX Normal,1600 Hz,RX 00,TX 00,High (5W),OFF,ON,6.25KHz,OFF,OFF,OFF,OFF,OFF,OFF,OFF,OFF,OFF,OFF,OFF,OFF,OFF,OFF,OFF,OFF,OFF,OFF,OFF,OFF,OFF,OFF,OFF,OFF,OFF,OFF,OFF,OFF,OFF,OFF,,0,"DMR-B #228125 CC1"
113,OFF,438.35,430.75,7.6,-RPT,ON,FM,AMS,ON,EAS Nenzlingen,OFF,67.0 Hz,023,RX Normal TX Normal,1600 Hz,RX 00,TX 00,High (5W),OFF,ON,6.25KHz,OFF,OFF,OFF,OFF,OFF,OFF,OFF,OFF,OFF,OFF,OFF,OFF,OFF,OFF,OFF,OFF,OFF,OFF,OFF,OFF,OFF,OFF,OFF,OFF,OFF,OFF,OFF,OFF,OFF,OFF,,0,"DMR-B #228406 CC1"
114,OFF,438.3625,430.7625,7.6,-RPT,ON,FM,AMS,ON,SG Hoher Kasten,OFF,67.0 Hz,023,RX Normal TX Normal,1600 Hz,RX 00,TX 00,High (5W),OFF,ON,6.25KHz,OFF,OFF,OFF,OFF,OFF,OFF,OFF,OFF,OFF,OFF,OFF,OFF,OFF,OFF,OFF,OFF,OFF,OFF,OFF,OFF,OFF,OFF,OFF,OFF,OFF,OFF,OFF,OFF,OFF,OFF,,0,"DMR-B #229904 CC1"
115,OFF,438.3625,430.7625,7.6,-RPT,ON,FM,AMS,ON,AK Kloten,OFF,67.0 Hz,023,RX Normal TX Normal,1600 Hz,RX 00,TX 00,High (5W),OFF,ON,6.25KHz,OFF,OFF,OFF,OFF,OFF,OFF,OFF,OFF,OFF,OFF,OFF,OFF,OFF,OFF,OFF,OFF,OFF,OFF,OFF,OFF,OFF,OFF,OFF,OFF,OFF,OFF,OFF,OFF,OFF,OFF,,0,"DMR-B #228819 CC8 local"
116,OFF,438.3625,430.7625,7.6,-RPT,ON,FM,AMS,ON,KK Muensingen,OFF,67.0 Hz,023,RX Normal TX Normal,1600 Hz,RX 00,TX 00,High (5W),OFF,ON,6.25KHz,OFF,OFF,OFF,OFF,OFF,OFF,OFF,OFF,OFF,OFF,OFF,OFF,OFF,OFF,OFF,OFF,OFF,OFF,OFF,OFF,OFF,OFF,OFF,OFF,OFF,OFF,OFF,OFF,OFF,OFF,,0,"C4FM #17381 (inoff)"
117,OFF,438.375,430.775,7.6,-RPT,ON,FM,AMS,ON,UCQ Le Paquier-M,TONE,67.0 Hz,023,RX Normal TX Normal,1600 Hz,RX 00,TX 00,High (5W),OFF,ON,6.25KHz,OFF,OFF,OFF,OFF,OFF,OFF,OFF,OFF,OFF,OFF,OFF,OFF,OFF,OFF,OFF,OFF,OFF,OFF,OFF,OFF,OFF,OFF,OFF,OFF,OFF,OFF,OFF,OFF,OFF,OFF,,0,"DSTAR/DMR#228131/C4FM/T67"
118,OFF,438.375,430.775,7.6,-RPT,ON,FM,AMS,ON,NFB Gempen,OFF,67.0 Hz,023,RX Normal TX Normal,1600 Hz,RX 00,TX 00,High (5W),OFF,ON,6.25KHz,OFF,OFF,OFF,OFF,OFF,OFF,OFF,OFF,OFF,OFF,OFF,OFF,OFF,OFF,OFF,OFF,OFF,OFF,OFF,OFF,OFF,OFF,OFF,OFF,OFF,OFF,OFF,OFF,OFF,OFF,,0,"DMR*"
119,OFF,438.3875,430.7875,7.6,-RPT,ON,FM,AMS,ON,ZG Rigi-Scheide,TONE,71.9 Hz,023,RX Normal TX Normal,1600 Hz,RX 00,TX 00,High (5W),OFF,ON,6.25KHz,OFF,OFF,OFF,OFF,OFF,OFF,OFF,OFF,OFF,OFF,OFF,OFF,OFF,OFF,OFF,OFF,OFF,OFF,OFF,OFF,OFF,OFF,OFF,OFF,OFF,OFF,OFF,OFF,OFF,OFF,,0,"C4FM #18754 NFM T71.9"
120,OFF,438.3875,430.7875,7.6,-RPT,ON,FM,AMS,ON,DM Langenbruck,OFF,67.0 Hz,023,RX Normal TX Normal,1600 Hz,RX 00,TX 00,High (5W),OFF,ON,6.25KHz,OFF,OFF,OFF,OFF,OFF,OFF,OFF,OFF,OFF,OFF,OFF,OFF,OFF,OFF,OFF,OFF,OFF,OFF,OFF,OFF,OFF,OFF,OFF,OFF,OFF,OFF,OFF,OFF,OFF,OFF,,0,"DMR-B #228409 CC1"
121,OFF,438.3875,430.7875,7.6,-RPT,ON,FM,AMS,ON,DM Laeufelfingen,OFF,67.0 Hz,023,RX Normal TX Normal,1600 Hz,RX 00,TX 00,High (5W),OFF,ON,6.25KHz,OFF,OFF,OFF,OFF,OFF,OFF,OFF,OFF,OFF,OFF,OFF,OFF,OFF,OFF,OFF,OFF,OFF,OFF,OFF,OFF,OFF,OFF,OFF,OFF,OFF,OFF,OFF,OFF,OFF,OFF,,0,"DMR-B #228412 CC2 dummy"
122,OFF,438.4,430.8,7.6,-RPT,ON,FM,AMS,ON,LU Luzern,TONE,71.9 Hz,023,RX Normal TX Normal,1600 Hz,RX 00,TX 00,High (5W),OFF,ON,6.25KHz,OFF,OFF,OFF,OFF,OFF,OFF,OFF,OFF,OFF,OFF,OFF,OFF,OFF,OFF,OFF,OFF,OFF,OFF,OFF,OFF,OFF,OFF,OFF,OFF,OFF,OFF,OFF,OFF,OFF,OFF,,0,"C4FM #17119 NFM T71.9 WiX"
123,OFF,438.4,430.8,7.6,-RPT,ON,FM,AMS,ON,GE Verbier,OFF,67.0 Hz,023,RX Normal TX Normal,1600 Hz,RX 00,TX 00,High (5W),OFF,ON,6.25KHz,OFF,OFF,OFF,OFF,OFF,OFF,OFF,OFF,OFF,OFF,OFF,OFF,OFF,OFF,OFF,OFF,OFF,OFF,OFF,OFF,OFF,OFF,OFF,OFF,OFF,OFF,OFF,OFF,OFF,OFF,,0,"DMR project 2016"
124,OFF,438.4,430.8,7.6,-RPT,ON,FM,AMS,ON,AK Schleitheim ,TONE,88.5 Hz,023,RX Normal TX Normal,1600 Hz,RX 00,TX 00,High (5W),OFF,ON,6.25KHz,OFF,OFF,OFF,OFF,OFF,OFF,OFF,OFF,OFF,OFF,OFF,OFF,OFF,OFF,OFF,OFF,OFF,OFF,OFF,OFF,OFF,OFF,OFF,OFF,OFF,OFF,OFF,OFF,OFF,OFF,,0,"EL#326020 NFM T88.5"
125,OFF,438.4,430.8,7.6,-RPT,ON,FM,AMS,ON,RS Grangettes,OFF,67.0 Hz,023,RX Normal TX Normal,1600 Hz,RX 00,TX 00,High (5W),OFF,ON,6.25KHz,OFF,OFF,OFF,OFF,OFF,OFF,OFF,OFF,OFF,OFF,OFF,OFF,OFF,OFF,OFF,OFF,OFF,OFF,OFF,OFF,OFF,OFF,OFF,OFF,OFF,OFF,OFF,OFF,OFF,OFF,,0,"NFM/C4FM (project 2021)"
126,OFF,438.4125,430.8125,7.6,-RPT,ON,FM,AMS,ON,W Bruetten,TONE,88.5 Hz,023,RX Normal TX Normal,1600 Hz,RX 00,TX 00,High (5W),OFF,ON,6.25KHz,OFF,OFF,OFF,OFF,OFF,OFF,OFF,OFF,OFF,OFF,OFF,OFF,OFF,OFF,OFF,OFF,OFF,OFF,OFF,OFF,OFF,OFF,OFF,OFF,OFF,OFF,OFF,OFF,OFF,OFF,,0,"C4FM #34126 NFM T88.5"
127,OFF,438.4125,430.8125,7.6,-RPT,ON,FM,AMS,ON,EAS Sunneberg BL,OFF,67.0 Hz,023,RX Normal TX Normal,1600 Hz,RX 00,TX 00,High (5W),OFF,ON,6.25KHz,OFF,OFF,OFF,OFF,OFF,OFF,OFF,OFF,OFF,OFF,OFF,OFF,OFF,OFF,OFF,OFF,OFF,OFF,OFF,OFF,OFF,OFF,OFF,OFF,OFF,OFF,OFF,OFF,OFF,OFF,,0,"DMR-B #228411 CC1"
128,OFF,438.425,430.825,7.6,-RPT,ON,FM,AMS,ON,DA Schmiedrued,TONE,71.9 Hz,023,RX Normal TX Normal,1600 Hz,RX 00,TX 00,High (5W),OFF,ON,6.25KHz,OFF,OFF,OFF,OFF,OFF,OFF,OFF,OFF,OFF,OFF,OFF,OFF,OFF,OFF,OFF,OFF,OFF,OFF,OFF,OFF,OFF,OFF,OFF,OFF,OFF,OFF,OFF,OFF,OFF,OFF,,0,"C4FM #17097 NFM T71.9"
129,OFF,438.425,430.825,7.6,-RPT,ON,FM,AMS,ON,AS La Berneuse,OFF,67.0 Hz,023,RX Normal TX Normal,1600 Hz,RX 00,TX 00,High (5W),OFF,ON,6.25KHz,OFF,OFF,OFF,OFF,OFF,OFF,OFF,OFF,OFF,OFF,OFF,OFF,OFF,OFF,OFF,OFF,OFF,OFF,OFF,OFF,OFF,OFF,OFF,OFF,OFF,OFF,OFF,OFF,OFF,OFF,,0,"DMR-B #228128 CC1"
130,OFF,438.4375,430.8375,7.6,-RPT,ON,FM,AMS,ON,DD Castel SPiet,OFF,67.0 Hz,023,RX Normal TX Normal,1600 Hz,RX 00,TX 00,High (5W),OFF,ON,6.25KHz,OFF,OFF,OFF,OFF,OFF,OFF,OFF,OFF,OFF,OFF,OFF,OFF,OFF,OFF,OFF,OFF,OFF,OFF,OFF,OFF,OFF,OFF,OFF,OFF,OFF,OFF,OFF,OFF,OFF,OFF,,0,"DMR-B #228605 CC1"
131,OFF,438.4375,430.8375,7.6,-RPT,ON,FM,AMS,ON,DM Liestal,OFF,67.0 Hz,023,RX Normal TX Normal,1600 Hz,RX 00,TX 00,High (5W),OFF,ON,6.25KHz,OFF,OFF,OFF,OFF,OFF,OFF,OFF,OFF,OFF,OFF,OFF,OFF,OFF,OFF,OFF,OFF,OFF,OFF,OFF,OFF,OFF,OFF,OFF,OFF,OFF,OFF,OFF,OFF,OFF,OFF,,0,"DMR-B #228404 CC1"
132,OFF,438.4375,430.8375,7.6,-RPT,ON,FM,AMS,ON,TA Val Scura,TONE,103.5 Hz,023,RX Normal TX Normal,1600 Hz,RX 00,TX 00,High (5W),OFF,ON,6.25KHz,OFF,OFF,OFF,OFF,OFF,OFF,OFF,OFF,OFF,OFF,OFF,OFF,OFF,OFF,OFF,OFF,OFF,OFF,OFF,OFF,OFF,OFF,OFF,OFF,OFF,OFF,OFF,OFF,OFF,OFF,,0,"DMR-B #228604 CC1 T103.5"
133,OFF,438.4375,430.8375,7.6,-RPT,ON,FM,AMS,ON,FB Scheidegg,TONE,71.9 Hz,023,RX Normal TX Normal,1600 Hz,RX 00,TX 00,High (5W),OFF,ON,6.25KHz,OFF,OFF,OFF,OFF,OFF,OFF,OFF,OFF,OFF,OFF,OFF,OFF,OFF,OFF,OFF,OFF,OFF,OFF,OFF,OFF,OFF,OFF,OFF,OFF,OFF,OFF,OFF,OFF,OFF,OFF,,0,"C4FM* NFM T71.9"
134,OFF,438.4375,430.8375,7.6,-RPT,ON,FM,AMS,ON,DD Costa Piana,TONE,203.5 Hz,023,RX Normal TX Normal,1600 Hz,RX 00,TX 00,High (5W),OFF,ON,6.25KHz,OFF,OFF,OFF,OFF,OFF,OFF,OFF,OFF,OFF,OFF,OFF,OFF,OFF,OFF,OFF,OFF,OFF,OFF,OFF,OFF,OFF,OFF,OFF,OFF,OFF,OFF,OFF,OFF,OFF,OFF,,0,"DMR-B #228619 CC2 T203.5"
135,OFF,438.4375,430.8375,7.6,-RPT,ON,FM,AMS,ON,DD Monte Genero,OFF,67.0 Hz,023,RX Normal TX Normal,1600 Hz,RX 00,TX 00,High (5W),OFF,ON,6.25KHz,OFF,OFF,OFF,OFF,OFF,OFF,OFF,OFF,OFF,OFF,OFF,OFF,OFF,OFF,OFF,OFF,OFF,OFF,OFF,OFF,OFF,OFF,OFF,OFF,OFF,OFF,OFF,OFF,OFF,OFF,,0,"MM D-STAR C4FM"
136,OFF,438.45,430.85,7.6,-RPT,ON,FM,AMS,ON,HB0FL-Gaflei,OFF,67.0 Hz,023,RX Normal TX Normal,1600 Hz,RX 00,TX 00,High (5W),OFF,ON,6.25KHz,OFF,OFF,OFF,OFF,OFF,OFF,OFF,OFF,OFF,OFF,OFF,OFF,OFF,OFF,OFF,OFF,OFF,OFF,OFF,OFF,OFF,OFF,OFF,OFF,OFF,OFF,OFF,OFF,OFF,OFF,,0,"DMR#295999 CC2"
137,OFF,438.45,430.85,7.6,-RPT,ON,FM,AMS,ON,FG Coffrane,TONE,67.0 Hz,023,RX Normal TX Normal,1600 Hz,RX 00,TX 00,High (5W),OFF,ON,6.25KHz,OFF,OFF,OFF,OFF,OFF,OFF,OFF,OFF,OFF,OFF,OFF,OFF,OFF,OFF,OFF,OFF,OFF,OFF,OFF,OFF,OFF,OFF,OFF,OFF,OFF,OFF,OFF,OFF,OFF,OFF,,0,"DMR-B #228201 CC1 NFM T67"
138,OFF,438.45,430.85,7.6,-RPT,ON,FM,AMS,ON,FX Zofingen,OFF,67.0 Hz,023,RX Normal TX Normal,1600 Hz,RX 00,TX 00,High (5W),OFF,ON,6.25KHz,OFF,OFF,OFF,OFF,OFF,OFF,OFF,OFF,OFF,OFF,OFF,OFF,OFF,OFF,OFF,OFF,OFF,OFF,OFF,OFF,OFF,OFF,OFF,OFF,OFF,OFF,OFF,OFF,OFF,OFF,,0,"DMR-B #228403 CC2"
139,OFF,438.45,430.85,7.6,-RPT,ON,FM,AMS,ON,OK Poschiavo,OFF,67.0 Hz,023,RX Normal TX Normal,1600 Hz,RX 00,TX 00,High (5W),OFF,ON,6.25KHz,OFF,OFF,OFF,OFF,OFF,OFF,OFF,OFF,OFF,OFF,OFF,OFF,OFF,OFF,OFF,OFF,OFF,OFF,OFF,OFF,OFF,OFF,OFF,OFF,OFF,OFF,OFF,OFF,OFF,OFF,,0,"DMR-I #228707 CC1 SWISS"
140,OFF,438.4625,430.8625,7.6,-RPT,ON,FM,AMS,ON,DD Monte Tamaro,OFF,67.0 Hz,023,RX Normal TX Normal,1600 Hz,RX 00,TX 00,High (5W),OFF,ON,6.25KHz,OFF,OFF,OFF,OFF,OFF,OFF,OFF,OFF,OFF,OFF,OFF,OFF,OFF,OFF,OFF,OFF,OFF,OFF,OFF,OFF,OFF,OFF,OFF,OFF,OFF,OFF,OFF,OFF,OFF,OFF,,0,"DMR-B #228602 CC1"
141,OFF,438.4625,430.8625,7.6,-RPT,ON,FM,AMS,ON,F Seftigen,OFF,67.0 Hz,023,RX Normal TX Normal,1600 Hz,RX 00,TX 00,High (5W),OFF,ON,6.25KHz,OFF,OFF,OFF,OFF,OFF,OFF,OFF,OFF,OFF,OFF,OFF,OFF,OFF,OFF,OFF,OFF,OFF,OFF,OFF,OFF,OFF,OFF,OFF,OFF,OFF,OFF,OFF,OFF,OFF,OFF,,0,"DMR_PEER GWFN CC8 TS2"
142,OFF,438.4625,430.8625,7.6,-RPT,ON,FM,AMS,ON,F Bern-City,OFF,67.0 Hz,023,RX Normal TX Normal,1600 Hz,RX 00,TX 00,High (5W),OFF,ON,6.25KHz,OFF,OFF,OFF,OFF,OFF,OFF,OFF,OFF,OFF,OFF,OFF,OFF,OFF,OFF,OFF,OFF,OFF,OFF,OFF,OFF,OFF,OFF,OFF,OFF,OFF,OFF,OFF,OFF,OFF,OFF,,0,"DMR_MASTER GWFN CC8 TG2"
143,OFF,438.4625,430.8625,7.6,-RPT,ON,FM,AMS,ON,F Ringgenberg,OFF,67.0 Hz,023,RX Normal TX Normal,1600 Hz,RX 00,TX 00,High (5W),OFF,ON,6.25KHz,OFF,OFF,OFF,OFF,OFF,OFF,OFF,OFF,OFF,OFF,OFF,OFF,OFF,OFF,OFF,OFF,OFF,OFF,OFF,OFF,OFF,OFF,OFF,OFF,OFF,OFF,OFF,OFF,OFF,OFF,,0,"DMR_PEER GWFN CC8 TS2"
144,OFF,438.4625,430.8625,7.6,-RPT,ON,FM,AMS,ON,F Brienz,OFF,67.0 Hz,023,RX Normal TX Normal,1600 Hz,RX 00,TX 00,High (5W),OFF,ON,6.25KHz,OFF,OFF,OFF,OFF,OFF,OFF,OFF,OFF,OFF,OFF,OFF,OFF,OFF,OFF,OFF,OFF,OFF,OFF,OFF,OFF,OFF,OFF,OFF,OFF,OFF,OFF,OFF,OFF,OFF,OFF,,0,"DMR_PEER GWFN CC8 TS2"
145,OFF,438.475,430.875,7.6,-RPT,ON,FM,AMS,ON,HB4FV-Premier,OFF,67.0 Hz,023,RX Normal TX Normal,1600 Hz,RX 00,TX 00,High (5W),OFF,ON,6.25KHz,OFF,OFF,OFF,OFF,OFF,OFF,OFF,OFF,OFF,OFF,OFF,OFF,OFF,OFF,OFF,OFF,OFF,OFF,OFF,OFF,OFF,OFF,OFF,OFF,OFF,OFF,OFF,OFF,OFF,OFF,,0,"C4FM #17062"
146,OFF,438.475,430.875,7.6,-RPT,ON,FM,AMS,ON,SP Siblinger Ran,OFF,67.0 Hz,023,RX Normal TX Normal,1600 Hz,RX 00,TX 00,High (5W),OFF,ON,6.25KHz,OFF,OFF,OFF,OFF,OFF,OFF,OFF,OFF,OFF,OFF,OFF,OFF,OFF,OFF,OFF,OFF,OFF,OFF,OFF,OFF,OFF,OFF,OFF,OFF,OFF,OFF,OFF,OFF,OFF,OFF,,0,"DMR-I #228812 CC5 SWISS"
147,OFF,438.4875,430.8875,7.6,-RPT,ON,FM,AMS,ON,DD Monte Genero,OFF,67.0 Hz,023,RX Normal TX Normal,1600 Hz,RX 00,TX 00,High (5W),OFF,ON,6.25KHz,OFF,OFF,OFF,OFF,OFF,OFF,OFF,OFF,OFF,OFF,OFF,OFF,OFF,OFF,OFF,OFF,OFF,OFF,OFF,OFF,OFF,OFF,OFF,OFF,OFF,OFF,OFF,OFF,OFF,OFF,,0,"DMR-B #228601 CC1"
148,OFF,438.4875,430.8875,7.6,-RPT,ON,FM,AMS,ON,DD Poschiavo,OFF,67.0 Hz,023,RX Normal TX Normal,1600 Hz,RX 00,TX 00,High (5W),OFF,ON,6.25KHz,OFF,OFF,OFF,OFF,OFF,OFF,OFF,OFF,OFF,OFF,OFF,OFF,OFF,OFF,OFF,OFF,OFF,OFF,OFF,OFF,OFF,OFF,OFF,OFF,OFF,OFF,OFF,OFF,OFF,OFF,,0,"DMR-B #228701 CC1"
149,OFF,438.4875,430.8875,7.6,-RPT,ON,FM,AMS,ON,NA Mellingen,TONE,74.4 Hz,023,RX Normal TX Normal,1600 Hz,RX 00,TX 00,High (5W),OFF,ON,6.25KHz,OFF,OFF,OFF,OFF,OFF,OFF,OFF,OFF,OFF,OFF,OFF,OFF,OFF,OFF,OFF,OFF,OFF,OFF,OFF,OFF,OFF,OFF,OFF,OFF,OFF,OFF,OFF,OFF,OFF,OFF,,0,"C4FM #31707 NFM T74.4"
150,OFF,438.4875,430.8875,7.6,-RPT,ON,FM,AMS,ON,DR StGallen,OFF,67.0 Hz,023,RX Normal TX Normal,1600 Hz,RX 00,TX 00,High (5W),OFF,ON,6.25KHz,OFF,OFF,OFF,OFF,OFF,OFF,OFF,OFF,OFF,OFF,OFF,OFF,OFF,OFF,OFF,OFF,OFF,OFF,OFF,OFF,OFF,OFF,OFF,OFF,OFF,OFF,OFF,OFF,OFF,OFF,,0,"C4FM #18835"
151,OFF,438.4875,430.8875,7.6,-RPT,ON,FM,AMS,ON,DD Airolo,OFF,67.0 Hz,023,RX Normal TX Normal,1600 Hz,RX 00,TX 00,High (5W),OFF,ON,6.25KHz,OFF,OFF,OFF,OFF,OFF,OFF,OFF,OFF,OFF,OFF,OFF,OFF,OFF,OFF,OFF,OFF,OFF,OFF,OFF,OFF,OFF,OFF,OFF,OFF,OFF,OFF,OFF,OFF,OFF,OFF,,0,"DMR-B #228603 CC1"
152,OFF,438.5,430.9,7.6,-RPT,ON,FM,AMS,ON,DR Waedenswil,OFF,67.0 Hz,023,RX Normal TX Normal,1600 Hz,RX 00,TX 00,High (5W),OFF,ON,6.25KHz,OFF,OFF,OFF,OFF,OFF,OFF,OFF,OFF,OFF,OFF,OFF,OFF,OFF,OFF,OFF,OFF,OFF,OFF,OFF,OFF,OFF,OFF,OFF,OFF,OFF,OFF,OFF,OFF,OFF,OFF,,0,"DMR-I #228891 CC2 SWISS"
153,OFF,438.5,430.9,7.6,-RPT,ON,FM,AMS,ON,ND Melchnau,TONE,94.8 Hz,023,RX Normal TX Normal,1600 Hz,RX 00,TX 00,High (5W),OFF,ON,6.25KHz,OFF,OFF,OFF,OFF,OFF,OFF,OFF,OFF,OFF,OFF,OFF,OFF,OFF,OFF,OFF,OFF,OFF,OFF,OFF,OFF,OFF,OFF,OFF,OFF,OFF,OFF,OFF,OFF,OFF,OFF,,0,"NFM T94.8 <>HB9BA"
154,OFF,438.5125,430.9125,7.6,-RPT,ON,FM,AMS,ON,TA San Bernardi,TONE,103.5 Hz,023,RX Normal TX Normal,1600 Hz,RX 00,TX 00,High (5W),OFF,ON,6.25KHz,OFF,OFF,OFF,OFF,OFF,OFF,OFF,OFF,OFF,OFF,OFF,OFF,OFF,OFF,OFF,OFF,OFF,OFF,OFF,OFF,OFF,OFF,OFF,OFF,OFF,OFF,OFF,OFF,OFF,OFF,,0,"DMR-B #228607 CC1 T103.5"
155,OFF,438.5125,430.9125,7.6,-RPT,ON,FM,AMS,ON,NFB Reinach,OFF,67.0 Hz,023,RX Normal TX Normal,1600 Hz,RX 00,TX 00,High (5W),OFF,ON,6.25KHz,OFF,OFF,OFF,OFF,OFF,OFF,OFF,OFF,OFF,OFF,OFF,OFF,OFF,OFF,OFF,OFF,OFF,OFF,OFF,OFF,OFF,OFF,OFF,OFF,OFF,OFF,OFF,OFF,OFF,OFF,,0,"DMR*"
156,OFF,438.525,430.925,7.6,-RPT,ON,FM,AMS,ON,LC Chaux-de-Fon,OFF,67.0 Hz,023,RX Normal TX Normal,1600 Hz,RX 00,TX 00,High (5W),OFF,ON,6.25KHz,OFF,OFF,OFF,OFF,OFF,OFF,OFF,OFF,OFF,OFF,OFF,OFF,OFF,OFF,OFF,OFF,OFF,OFF,OFF,OFF,OFF,OFF,OFF,OFF,OFF,OFF,OFF,OFF,OFF,OFF,,0,"DMR-B #228202 CC1 et D*"
157,OFF,438.55,430.95,7.6,-RPT,ON,FM,AMS,ON,GE Meyrin,OFF,67.0 Hz,023,RX Normal TX Normal,1600 Hz,RX 00,TX 00,High (5W),OFF,ON,6.25KHz,OFF,OFF,OFF,OFF,OFF,OFF,OFF,OFF,OFF,OFF,OFF,OFF,OFF,OFF,OFF,OFF,OFF,OFF,OFF,OFF,OFF,OFF,OFF,OFF,OFF,OFF,OFF,OFF,OFF,OFF,,0,"DMR-B #228102 CC1"
158,OFF,438.55,430.95,7.6,-RPT,ON,FM,AMS,ON,CSR Basel,OFF,67.0 Hz,023,RX Normal TX Normal,1600 Hz,RX 00,TX 00,High (5W),OFF,ON,6.25KHz,OFF,OFF,OFF,OFF,OFF,OFF,OFF,OFF,OFF,OFF,OFF,OFF,OFF,OFF,OFF,OFF,OFF,OFF,OFF,OFF,OFF,OFF,OFF,OFF,OFF,OFF,OFF,OFF,OFF,OFF,,0,"DMR#228405-CC1/C4FM#34156"
159,OFF,438.5625,430.9625,7.6,-RPT,ON,FM,AMS,ON,RD Chatonnaye,OFF,67.0 Hz,023,RX Normal TX Normal,1600 Hz,RX 00,TX 00,High (5W),OFF,ON,6.25KHz,OFF,OFF,OFF,OFF,OFF,OFF,OFF,OFF,OFF,OFF,OFF,OFF,OFF,OFF,OFF,OFF,OFF,OFF,OFF,OFF,OFF,OFF,OFF,OFF,OFF,OFF,OFF,OFF,OFF,OFF,,0,"DMR-I #228104 CC1 FRANCE"
160,OFF,438.5625,430.9625,7.6,-RPT,ON,FM,AMS,ON,VSD Verbier,TONE,67.0 Hz,023,RX Normal TX Normal,1600 Hz,RX 00,TX 00,High (5W),OFF,ON,6.25KHz,OFF,OFF,OFF,OFF,OFF,OFF,OFF,OFF,OFF,OFF,OFF,OFF,OFF,OFF,OFF,OFF,OFF,OFF,OFF,OFF,OFF,OFF,OFF,OFF,OFF,OFF,OFF,OFF,OFF,OFF,,0,"Multimode NFM T67.0"
161,OFF,438.575,430.975,7.6,-RPT,ON,FM,AMS,ON,EAS Basel,OFF,67.0 Hz,023,RX Normal TX Normal,1600 Hz,RX 00,TX 00,High (5W),OFF,ON,6.25KHz,OFF,OFF,OFF,OFF,OFF,OFF,OFF,OFF,OFF,OFF,OFF,OFF,OFF,OFF,OFF,OFF,OFF,OFF,OFF,OFF,OFF,OFF,OFF,OFF,OFF,OFF,OFF,OFF,OFF,OFF,,0,"DMR-B #228401 CC1"
162,OFF,438.575,430.975,7.6,-RPT,ON,FM,AMS,ON,DC Maennedorf,OFF,67.0 Hz,023,RX Normal TX Normal,1600 Hz,RX 00,TX 00,High (5W),OFF,ON,6.25KHz,OFF,OFF,OFF,OFF,OFF,OFF,OFF,OFF,OFF,OFF,OFF,OFF,OFF,OFF,OFF,OFF,OFF,OFF,OFF,OFF,OFF,OFF,OFF,OFF,OFF,OFF,OFF,OFF,OFF,OFF,,0,"DMR-I #228803 CC5 SWISS"
163,OFF,438.5875,430.9875,7.6,-RPT,ON,FM,AMS,ON,F Bern-City,OFF,67.0 Hz,023,RX Normal TX Normal,1600 Hz,RX 00,TX 00,High (5W),OFF,ON,6.25KHz,OFF,OFF,OFF,OFF,OFF,OFF,OFF,OFF,OFF,OFF,OFF,OFF,OFF,OFF,OFF,OFF,OFF,OFF,OFF,OFF,OFF,OFF,OFF,OFF,OFF,OFF,OFF,OFF,OFF,OFF,,0,"DMR-B #228305 CC1"
164,OFF,438.6,431,7.6,-RPT,ON,FM,AMS,ON,AK Hoernli,OFF,67.0 Hz,023,RX Normal TX Normal,1600 Hz,RX 00,TX 00,High (5W),OFF,ON,6.25KHz,OFF,OFF,OFF,OFF,OFF,OFF,OFF,OFF,OFF,OFF,OFF,OFF,OFF,OFF,OFF,OFF,OFF,OFF,OFF,OFF,OFF,OFF,OFF,OFF,OFF,OFF,OFF,OFF,OFF,OFF,,0,"DMR-B #228809 CC1"
165,OFF,438.6125,431.0125,7.6,-RPT,ON,FM,AMS,ON,BG Falkenfluh,DCS,67.0 Hz,073,RX Normal TX Normal,1600 Hz,RX 00,TX 00,High (5W),OFF,ON,6.25KHz,OFF,OFF,OFF,OFF,OFF,OFF,OFF,OFF,OFF,OFF,OFF,OFF,OFF,OFF,OFF,OFF,OFF,OFF,OFF,OFF,OFF,OFF,OFF,OFF,OFF,OFF,OFF,OFF,OFF,OFF,,0,"C4FM #17549 DCS073 <>HB9T"
166,OFF,438.625,431.025,7.6,-RPT,ON,FM,AMS,ON,BSL Liestal,TONE,71.9 Hz,023,RX Normal TX Normal,1600 Hz,RX 00,TX 00,High (5W),OFF,ON,6.25KHz,OFF,OFF,OFF,OFF,OFF,OFF,OFF,OFF,OFF,OFF,OFF,OFF,OFF,OFF,OFF,OFF,OFF,OFF,OFF,OFF,OFF,OFF,OFF,OFF,OFF,OFF,OFF,OFF,OFF,OFF,,0,"C4FM #31448 NFM T71.9"
167,OFF,438.625,431.025,7.6,-RPT,ON,FM,AMS,ON,LU Luzern,OFF,67.0 Hz,023,RX Normal TX Normal,1600 Hz,RX 00,TX 00,High (5W),OFF,ON,6.25KHz,OFF,OFF,OFF,OFF,OFF,OFF,OFF,OFF,OFF,OFF,OFF,OFF,OFF,OFF,OFF,OFF,OFF,OFF,OFF,OFF,OFF,OFF,OFF,OFF,OFF,OFF,OFF,OFF,OFF,OFF,,0,"DMR-B #228613 CC1"
168,OFF,438.65,431.05,7.6,-RPT,ON,FM,AMS,ON,UF Uetliberg,TONE,71.9 Hz,023,RX Normal TX Normal,1600 Hz,RX 00,TX 00,High (5W),OFF,ON,6.25KHz,OFF,OFF,OFF,OFF,OFF,OFF,OFF,OFF,OFF,OFF,OFF,OFF,OFF,OFF,OFF,OFF,OFF,OFF,OFF,OFF,OFF,OFF,OFF,OFF,OFF,OFF,OFF,OFF,OFF,OFF,,0,"C4FM #17098 FM T71.9"
169,OFF,438.65,431.05,7.6,-RPT,ON,FM,AMS,ON,Y Roc Blanc,OFF,67.0 Hz,023,RX Normal TX Normal,1600 Hz,RX 00,TX 00,High (5W),OFF,ON,6.25KHz,OFF,OFF,OFF,OFF,OFF,OFF,OFF,OFF,OFF,OFF,OFF,OFF,OFF,OFF,OFF,OFF,OFF,OFF,OFF,OFF,OFF,OFF,OFF,OFF,OFF,OFF,OFF,OFF,OFF,OFF,,0,"EL#66814"
170,OFF,438.6625,431.0625,7.6,-RPT,ON,FM,AMS,ON,RD Chatonnaye,OFF,67.0 Hz,023,RX Normal TX Normal,1600 Hz,RX 00,TX 00,High (5W),OFF,ON,6.25KHz,OFF,OFF,OFF,OFF,OFF,OFF,OFF,OFF,OFF,OFF,OFF,OFF,OFF,OFF,OFF,OFF,OFF,OFF,OFF,OFF,OFF,OFF,OFF,OFF,OFF,OFF,OFF,OFF,OFF,OFF,,0,"DMR-B #228112 CC1"
171,OFF,438.675,431.075,7.6,-RPT,ON,FM,AMS,ON,ZG Huenenberg ZG,TONE,71.9 Hz,023,RX Normal TX Normal,1600 Hz,RX 00,TX 00,High (5W),OFF,ON,6.25KHz,OFF,OFF,OFF,OFF,OFF,OFF,OFF,OFF,OFF,OFF,OFF,OFF,OFF,OFF,OFF,OFF,OFF,OFF,OFF,OFF,OFF,OFF,OFF,OFF,OFF,OFF,OFF,OFF,OFF,OFF,,0,"EL#81765 NFM T71.9 <>Aff."
172,OFF,438.675,431.075,7.6,-RPT,ON,FM,AMS,ON,UHF Muttenz,TONE,71.9 Hz,023,RX Normal TX Normal,1600 Hz,RX 00,TX 00,High (5W),OFF,ON,6.25KHz,OFF,OFF,OFF,OFF,OFF,OFF,OFF,OFF,OFF,OFF,OFF,OFF,OFF,OFF,OFF,OFF,OFF,OFF,OFF,OFF,OFF,OFF,OFF,OFF,OFF,OFF,OFF,OFF,OFF,OFF,,0,"C4FM EL#438675 FM T71.9 M"
173,OFF,438.675,431.075,7.6,-RPT,ON,FM,AMS,ON,EI Monte Bar,TONE,103.5 Hz,023,RX Normal TX Normal,1600 Hz,RX 00,TX 00,High (5W),OFF,ON,6.25KHz,OFF,OFF,OFF,OFF,OFF,OFF,OFF,OFF,OFF,OFF,OFF,OFF,OFF,OFF,OFF,OFF,OFF,OFF,OFF,OFF,OFF,OFF,OFF,OFF,OFF,OFF,OFF,OFF,OFF,OFF,,0,"EL#415650 FM T103.5"
174,OFF,438.675,431.075,7.6,-RPT,ON,FM,AMS,ON,Y Moosalpe,TONE,103.5 Hz,023,RX Normal TX Normal,1600 Hz,RX 00,TX 00,High (5W),OFF,ON,6.25KHz,OFF,OFF,OFF,OFF,OFF,OFF,OFF,OFF,OFF,OFF,OFF,OFF,OFF,OFF,OFF,OFF,OFF,OFF,OFF,OFF,OFF,OFF,OFF,OFF,OFF,OFF,OFF,OFF,OFF,OFF,,0,"EL#68050 NFM T103.5"
175,OFF,438.675,431.075,7.6,-RPT,ON,FM,AMS,ON,GE Geneve,OFF,67.0 Hz,023,RX Normal TX Normal,1600 Hz,RX 00,TX 00,High (5W),OFF,ON,6.25KHz,OFF,OFF,OFF,OFF,OFF,OFF,OFF,OFF,OFF,OFF,OFF,OFF,OFF,OFF,OFF,OFF,OFF,OFF,OFF,OFF,OFF,OFF,OFF,OFF,OFF,OFF,OFF,OFF,OFF,OFF,,0,"DMR-B #228101 CC1"
176,OFF,438.675,431.075,7.6,-RPT,ON,FM,AMS,ON,DR StGallen,OFF,67.0 Hz,023,RX Normal TX Normal,1600 Hz,RX 00,TX 00,High (5W),OFF,ON,6.25KHz,OFF,OFF,OFF,OFF,OFF,OFF,OFF,OFF,OFF,OFF,OFF,OFF,OFF,OFF,OFF,OFF,OFF,OFF,OFF,OFF,OFF,OFF,OFF,OFF,OFF,OFF,OFF,OFF,OFF,OFF,,0,"D-STAR* CCS#90062"
177,OFF,438.675,431.075,7.6,-RPT,ON,FM,AMS,ON,DR Rheineck,OFF,67.0 Hz,023,RX Normal TX Normal,1600 Hz,RX 00,TX 00,High (5W),OFF,ON,6.25KHz,OFF,OFF,OFF,OFF,OFF,OFF,OFF,OFF,OFF,OFF,OFF,OFF,OFF,OFF,OFF,OFF,OFF,OFF,OFF,OFF,OFF,OFF,OFF,OFF,OFF,OFF,OFF,OFF,OFF,OFF,,0,"DMR-I #228905 CC1 SWISS"
178,OFF,438.7,431.1,7.6,-RPT,ON,FM,AMS,ON,BA Weissenstein,TONE,123.0 Hz,023,RX Normal TX Normal,1600 Hz,RX 00,TX 00,High (5W),OFF,ON,6.25KHz,OFF,OFF,OFF,OFF,OFF,OFF,OFF,OFF,OFF,OFF,OFF,OFF,OFF,OFF,OFF,OFF,OFF,OFF,OFF,OFF,OFF,OFF,OFF,OFF,OFF,OFF,OFF,OFF,OFF,OFF,,0,"FM T123.0 1750Hz <>HB9ND"
179,OFF,438.725,431.125,7.6,-RPT,ON,FM,AMS,ON,XC Chasseral,TONE,67.0 Hz,023,RX Normal TX Normal,1600 Hz,RX 00,TX 00,High (5W),OFF,ON,6.25KHz,OFF,OFF,OFF,OFF,OFF,OFF,OFF,OFF,OFF,OFF,OFF,OFF,OFF,OFF,OFF,OFF,OFF,OFF,OFF,OFF,OFF,OFF,OFF,OFF,OFF,OFF,OFF,OFF,OFF,OFF,,0,"FM T67.0 1750Hz"
180,OFF,438.725,431.125,7.6,-RPT,ON,FM,AMS,ON,EE Eglisau,TONE,69.3 Hz,023,RX Normal TX Normal,1600 Hz,RX 00,TX 00,High (5W),OFF,ON,6.25KHz,OFF,OFF,OFF,OFF,OFF,OFF,OFF,OFF,OFF,OFF,OFF,OFF,OFF,OFF,OFF,OFF,OFF,OFF,OFF,OFF,OFF,OFF,OFF,OFF,OFF,OFF,OFF,OFF,OFF,OFF,,0,"FM T69.3 C4FM local"
181,OFF,438.7375,431.1375,7.6,-RPT,ON,FM,AMS,ON,RAR Morlon,OFF,67.0 Hz,023,RX Normal TX Normal,1600 Hz,RX 00,TX 00,High (5W),OFF,ON,6.25KHz,OFF,OFF,OFF,OFF,OFF,OFF,OFF,OFF,OFF,OFF,OFF,OFF,OFF,OFF,OFF,OFF,OFF,OFF,OFF,OFF,OFF,OFF,OFF,OFF,OFF,OFF,OFF,OFF,OFF,OFF,,0,"DMR-I #228105 CC1 FRANCE"
182,OFF,438.7375,431.1375,7.6,-RPT,ON,FM,AMS,ON,DR Rheineck,OFF,67.0 Hz,023,RX Normal TX Normal,1600 Hz,RX 00,TX 00,High (5W),OFF,ON,6.25KHz,OFF,OFF,OFF,OFF,OFF,OFF,OFF,OFF,OFF,OFF,OFF,OFF,OFF,OFF,OFF,OFF,OFF,OFF,OFF,OFF,OFF,OFF,OFF,OFF,OFF,OFF,OFF,OFF,OFF,OFF,,0,"C4FM YCS 20/28/32/62"
183,OFF,438.75,431.15,7.6,-RPT,ON,FM,AMS,ON,UF Saentis,TONE,71.9 Hz,023,RX Normal TX Normal,1600 Hz,RX 00,TX 00,High (5W),OFF,ON,6.25KHz,OFF,OFF,OFF,OFF,OFF,OFF,OFF,OFF,OFF,OFF,OFF,OFF,OFF,OFF,OFF,OFF,OFF,OFF,OFF,OFF,OFF,OFF,OFF,OFF,OFF,OFF,OFF,OFF,OFF,OFF,,0,"C4FM* FM T71.9 ""S"""
184,OFF,438.775,431.175,7.6,-RPT,ON,FM,AMS,ON,FS Sissacherflue,OFF,67.0 Hz,023,RX Normal TX Normal,1600 Hz,RX 00,TX 00,High (5W),OFF,ON,6.25KHz,OFF,OFF,OFF,OFF,OFF,OFF,OFF,OFF,OFF,OFF,OFF,OFF,OFF,OFF,OFF,OFF,OFF,OFF,OFF,OFF,OFF,OFF,OFF,OFF,OFF,OFF,OFF,OFF,OFF,OFF,,0,"FM 1750Hz"
185,OFF,438.775,431.175,7.6,-RPT,ON,FM,AMS,ON,RL Cimetta,OFF,67.0 Hz,023,RX Normal TX Normal,1600 Hz,RX 00,TX 00,High (5W),OFF,ON,6.25KHz,OFF,OFF,OFF,OFF,OFF,OFF,OFF,OFF,OFF,OFF,OFF,OFF,OFF,OFF,OFF,OFF,OFF,OFF,OFF,OFF,OFF,OFF,OFF,OFF,OFF,OFF,OFF,OFF,OFF,OFF,,0,"C4FM DSTAR DMR"
186,OFF,438.775,431.175,7.6,-RPT,ON,FM,AMS,ON,CF Seelisberg UR,TONE,88.5 Hz,023,RX Normal TX Normal,1600 Hz,RX 00,TX 00,High (5W),OFF,ON,6.25KHz,OFF,OFF,OFF,OFF,OFF,OFF,OFF,OFF,OFF,OFF,OFF,OFF,OFF,OFF,OFF,OFF,OFF,OFF,OFF,OFF,OFF,OFF,OFF,OFF,OFF,OFF,OFF,OFF,OFF,OFF,,0,"FM T88.5"
187,OFF,438.8,431.2,7.6,-RPT,ON,FM,AMS,ON,UF Pilatus,TONE,71.9 Hz,023,RX Normal TX Normal,1600 Hz,RX 00,TX 00,High (5W),OFF,ON,6.25KHz,OFF,OFF,OFF,OFF,OFF,OFF,OFF,OFF,OFF,OFF,OFF,OFF,OFF,OFF,OFF,OFF,OFF,OFF,OFF,OFF,OFF,OFF,OFF,OFF,OFF,OFF,OFF,OFF,OFF,OFF,,0,"EL#40107 FM T71.9 ""P"""
188,OFF,438.825,431.225,7.6,-RPT,ON,FM,AMS,ON,CF Rigi Scheide,TONE,71.9 Hz,023,RX Normal TX Normal,1600 Hz,RX 00,TX 00,High (5W),OFF,ON,6.25KHz,OFF,OFF,OFF,OFF,OFF,OFF,OFF,OFF,OFF,OFF,OFF,OFF,OFF,OFF,OFF,OFF,OFF,OFF,OFF,OFF,OFF,OFF,OFF,OFF,OFF,OFF,OFF,OFF,OFF,OFF,,0,"EL#37913 T71.9 <>Bachtel"
189,OFF,438.85,431.25,7.6,-RPT,ON,FM,AMS,ON,MM La Praz,OFF,67.0 Hz,023,RX Normal TX Normal,1600 Hz,RX 00,TX 00,High (5W),OFF,ON,6.25KHz,OFF,OFF,OFF,OFF,OFF,OFF,OFF,OFF,OFF,OFF,OFF,OFF,OFF,OFF,OFF,OFF,OFF,OFF,OFF,OFF,OFF,OFF,OFF,OFF,OFF,OFF,OFF,OFF,OFF,OFF,,0,"FM 1750Hz"
190,OFF,438.875,431.275,7.6,-RPT,ON,FM,AMS,ON,LU Luzern,TONE,71.9 Hz,023,RX Normal TX Normal,1600 Hz,RX 00,TX 00,High (5W),OFF,ON,6.25KHz,OFF,OFF,OFF,OFF,OFF,OFF,OFF,OFF,OFF,OFF,OFF,OFF,OFF,OFF,OFF,OFF,OFF,OFF,OFF,OFF,OFF,OFF,OFF,OFF,OFF,OFF,OFF,OFF,OFF,OFF,,0,"FM T71.9"
191,OFF,438.925,431.325,7.6,-RPT,ON,FM,AMS,ON,F Bern-Wankdorf,TONE,94.8 Hz,023,RX Normal TX Normal,1600 Hz,RX 00,TX 00,High (5W),OFF,ON,6.25KHz,OFF,OFF,OFF,OFF,OFF,OFF,OFF,OFF,OFF,OFF,OFF,OFF,OFF,OFF,OFF,OFF,OFF,OFF,OFF,OFF,OFF,OFF,OFF,OFF,OFF,OFF,OFF,OFF,OFF,OFF,,0,"C4FM #17882 FM T94.8"
192,OFF,438.925,431.325,7.6,-RPT,ON,FM,AMS,ON,HD Oberheid,TONE,71.9 Hz,023,RX Normal TX Normal,1600 Hz,RX 00,TX 00,High (5W),OFF,ON,6.25KHz,OFF,OFF,OFF,OFF,OFF,OFF,OFF,OFF,OFF,OFF,OFF,OFF,OFF,OFF,OFF,OFF,OFF,OFF,OFF,OFF,OFF,OFF,OFF,OFF,OFF,OFF,OFF,OFF,OFF,OFF,,0,"EL#4711 FM T71.9"
193,OFF,438.925,431.325,7.6,-RPT,ON,FM,AMS,ON,F Bern,OFF,67.0 Hz,023,RX Normal TX Normal,1600 Hz,RX 00,TX 00,High (5W),OFF,ON,6.25KHz,OFF,OFF,OFF,OFF,OFF,OFF,OFF,OFF,OFF,OFF,OFF,OFF,OFF,OFF,OFF,OFF,OFF,OFF,OFF,OFF,OFF,OFF,OFF,OFF,OFF,OFF,OFF,OFF,OFF,OFF,,0,"FM/C4FM mit Netzanbindung"
194,OFF,438.95,431.35,7.6,-RPT,ON,FM,AMS,ON,AG Strihen,TONE,77.0 Hz,023,RX Normal TX Normal,1600 Hz,RX 00,TX 00,High (5W),OFF,ON,6.25KHz,OFF,OFF,OFF,OFF,OFF,OFF,OFF,OFF,OFF,OFF,OFF,OFF,OFF,OFF,OFF,OFF,OFF,OFF,OFF,OFF,OFF,OFF,OFF,OFF,OFF,OFF,OFF,OFF,OFF,OFF,,0,"EL#48950 FM T77.0"
195,OFF,438.975,431.375,7.6,-RPT,ON,FM,AMS,ON,F Interlaken,TONE,94.8 Hz,023,RX Normal TX Normal,1600 Hz,RX 00,TX 00,High (5W),OFF,ON,6.25KHz,OFF,OFF,OFF,OFF,OFF,OFF,OFF,OFF,OFF,OFF,OFF,OFF,OFF,OFF,OFF,OFF,OFF,OFF,OFF,OFF,OFF,OFF,OFF,OFF,OFF,OFF,OFF,OFF,OFF,OFF,,0,"NFM T94.8"
196,OFF,438.975,431.375,7.6,-RPT,ON,FM,AMS,ON,GL Mollis Frona,TONE,71.9 Hz,023,RX Normal TX Normal,1600 Hz,RX 00,TX 00,High (5W),OFF,ON,6.25KHz,OFF,OFF,OFF,OFF,OFF,OFF,OFF,OFF,OFF,OFF,OFF,OFF,OFF,OFF,OFF,OFF,OFF,OFF,OFF,OFF,OFF,OFF,OFF,OFF,OFF,OFF,OFF,OFF,OFF,OFF,,0,"EL#41140 T71.9 <>Zürich"
197,OFF,438.975,431.375,7.6,-RPT,ON,FM,AMS,ON,H Monti Loga,TONE,103.5 Hz,023,RX Normal TX Normal,1600 Hz,RX 00,TX 00,High (5W),OFF,ON,6.25KHz,OFF,OFF,OFF,OFF,OFF,OFF,OFF,OFF,OFF,OFF,OFF,OFF,OFF,OFF,OFF,OFF,OFF,OFF,OFF,OFF,OFF,OFF,OFF,OFF,OFF,OFF,OFF,OFF,OFF,OFF,,0,"proj. 2020, MM/NFM T103.5"
198,OFF,439,431.4,7.6,-RPT,ON,FM,AMS,ON,FG Le Gibloux,TONE,67.0 Hz,023,RX Normal TX Normal,1600 Hz,RX 00,TX 00,High (5W),OFF,ON,6.25KHz,OFF,OFF,OFF,OFF,OFF,OFF,OFF,OFF,OFF,OFF,OFF,OFF,OFF,OFF,OFF,OFF,OFF,OFF,OFF,OFF,OFF,OFF,OFF,OFF,OFF,OFF,OFF,OFF,OFF,OFF,,0,"FM T67.0"
199,OFF,439,431.4,7.6,-RPT,ON,FM,AMS,ON,SP Zuerich,OFF,67.0 Hz,023,RX Normal TX Normal,1600 Hz,RX 00,TX 00,High (5W),OFF,ON,6.25KHz,OFF,OFF,OFF,OFF,OFF,OFF,OFF,OFF,OFF,OFF,OFF,OFF,OFF,OFF,OFF,OFF,OFF,OFF,OFF,OFF,OFF,OFF,OFF,OFF,OFF,OFF,OFF,OFF,OFF,OFF,,0,"DMR-I #228804 CC5 SWISS"
200,OFF,439,431.4,7.6,-RPT,ON,FM,AMS,ON,H Cademario,OFF,67.0 Hz,023,RX Normal TX Normal,1600 Hz,RX 00,TX 00,High (5W),OFF,ON,6.25KHz,OFF,OFF,OFF,OFF,OFF,OFF,OFF,OFF,OFF,OFF,OFF,OFF,OFF,OFF,OFF,OFF,OFF,OFF,OFF,OFF,OFF,OFF,OFF,OFF,OFF,OFF,OFF,OFF,OFF,OFF,,0,"D-STAR HB9H___D"
201,OFF,439.025,431.425,7.6,-RPT,ON,FM,AMS,ON,FS Basel,OFF,67.0 Hz,023,RX Normal TX Normal,1600 Hz,RX 00,TX 00,High (5W),OFF,ON,6.25KHz,OFF,OFF,OFF,OFF,OFF,OFF,OFF,OFF,OFF,OFF,OFF,OFF,OFF,OFF,OFF,OFF,OFF,OFF,OFF,OFF,OFF,OFF,OFF,OFF,OFF,OFF,OFF,OFF,OFF,OFF,,0,"FM 1750Hz"
202,OFF,439.025,431.425,7.6,-RPT,ON,FM,AMS,ON,BB Buchserberg,TONE,141.3 Hz,023,RX Normal TX Normal,1600 Hz,RX 00,TX 00,High (5W),OFF,ON,6.25KHz,OFF,OFF,OFF,OFF,OFF,OFF,OFF,OFF,OFF,OFF,OFF,OFF,OFF,OFF,OFF,OFF,OFF,OFF,OFF,OFF,OFF,OFF,OFF,OFF,OFF,OFF,OFF,OFF,OFF,OFF,,0,"EL#263037 FM T141.3"
203,OFF,439.025,431.425,7.6,-RPT,ON,FM,AMS,ON,SH Neuhausen,TONE,88.5 Hz,023,RX Normal TX Normal,1600 Hz,RX 00,TX 00,High (5W),OFF,ON,6.25KHz,OFF,OFF,OFF,OFF,OFF,OFF,OFF,OFF,OFF,OFF,OFF,OFF,OFF,OFF,OFF,OFF,OFF,OFF,OFF,OFF,OFF,OFF,OFF,OFF,OFF,OFF,OFF,OFF,OFF,OFF,,0,"NFM T88.5 C4FM"
204,OFF,439.025,431.425,7.6,-RPT,ON,FM,AMS,ON,AS La Berneuse,TONE,67.0 Hz,023,RX Normal TX Normal,1600 Hz,RX 00,TX 00,High (5W),OFF,ON,6.25KHz,OFF,OFF,OFF,OFF,OFF,OFF,OFF,OFF,OFF,OFF,OFF,OFF,OFF,OFF,OFF,OFF,OFF,OFF,OFF,OFF,OFF,OFF,OFF,OFF,OFF,OFF,OFF,OFF,OFF,OFF,,0,"EL#423775 FM T67.0"
205,OFF,439.025,431.425,7.6,-RPT,ON,FM,AMS,ON,PFI Grindelwald,TONE,94.8 Hz,023,RX Normal TX Normal,1600 Hz,RX 00,TX 00,High (5W),OFF,ON,6.25KHz,OFF,OFF,OFF,OFF,OFF,OFF,OFF,OFF,OFF,OFF,OFF,OFF,OFF,OFF,OFF,OFF,OFF,OFF,OFF,OFF,OFF,OFF,OFF,OFF,OFF,OFF,OFF,OFF,OFF,OFF,,0,"FM T94.8"
206,OFF,439.025,431.425,7.6,-RPT,ON,FM,AMS,ON,T Thun,TONE,94.8 Hz,023,RX Normal TX Normal,1600 Hz,RX 00,TX 00,High (5W),OFF,ON,6.25KHz,OFF,OFF,OFF,OFF,OFF,OFF,OFF,OFF,OFF,OFF,OFF,OFF,OFF,OFF,OFF,OFF,OFF,OFF,OFF,OFF,OFF,OFF,OFF,OFF,OFF,OFF,OFF,OFF,OFF,OFF,,0,"C4FM #31830 FM T94.8 <->"
207,OFF,439.05,431.45,7.6,-RPT,ON,FM,AMS,ON,F Niesen,TONE,94.8 Hz,023,RX Normal TX Normal,1600 Hz,RX 00,TX 00,High (5W),OFF,ON,6.25KHz,OFF,OFF,OFF,OFF,OFF,OFF,OFF,OFF,OFF,OFF,OFF,OFF,OFF,OFF,OFF,OFF,OFF,OFF,OFF,OFF,OFF,OFF,OFF,OFF,OFF,OFF,OFF,OFF,OFF,OFF,,0,"NFM T94.8"
208,OFF,439.05,431.45,7.6,-RPT,ON,FM,AMS,ON,CF Andermatt,TONE,71.9 Hz,023,RX Normal TX Normal,1600 Hz,RX 00,TX 00,High (5W),OFF,ON,6.25KHz,OFF,OFF,OFF,OFF,OFF,OFF,OFF,OFF,OFF,OFF,OFF,OFF,OFF,OFF,OFF,OFF,OFF,OFF,OFF,OFF,OFF,OFF,OFF,OFF,OFF,OFF,OFF,OFF,OFF,OFF,,0,"EL#37913 T71.9 <>Bachtel"
209,OFF,439.05,431.45,7.6,-RPT,ON,FM,AMS,ON,OK MontiDiMalme,TONE,123.0 Hz,023,RX Normal TX Normal,1600 Hz,RX 00,TX 00,High (5W),OFF,ON,6.25KHz,OFF,OFF,OFF,OFF,OFF,OFF,OFF,OFF,OFF,OFF,OFF,OFF,OFF,OFF,OFF,OFF,OFF,OFF,OFF,OFF,OFF,OFF,OFF,OFF,OFF,OFF,OFF,OFF,OFF,OFF,,0,"C4FM #18814 FM T123.0"
210,OFF,439.05,431.45,7.6,-RPT,ON,FM,AMS,ON,OK Poschiavo,OFF,67.0 Hz,023,RX Normal TX Normal,1600 Hz,RX 00,TX 00,High (5W),OFF,ON,6.25KHz,OFF,OFF,OFF,OFF,OFF,OFF,OFF,OFF,OFF,OFF,OFF,OFF,OFF,OFF,OFF,OFF,OFF,OFF,OFF,OFF,OFF,OFF,OFF,OFF,OFF,OFF,OFF,OFF,OFF,OFF,,0,"DMR #228709 CC1 C4FM"
211,OFF,439.075,431.475,7.6,-RPT,ON,FM,AMS,ON,HB UntGrenchenbe,TONE,88.5 Hz,023,RX Normal TX Normal,1600 Hz,RX 00,TX 00,High (5W),OFF,ON,6.25KHz,OFF,OFF,OFF,OFF,OFF,OFF,OFF,OFF,OFF,OFF,OFF,OFF,OFF,OFF,OFF,OFF,OFF,OFF,OFF,OFF,OFF,OFF,OFF,OFF,OFF,OFF,OFF,OFF,OFF,OFF,,0,"FM T88.5"
212,OFF,439.075,431.475,7.6,-RPT,ON,FM,AMS,ON,DC Alp Stofel SZ,TONE,77.0 Hz,023,RX Normal TX Normal,1600 Hz,RX 00,TX 00,High (5W),OFF,ON,6.25KHz,OFF,OFF,OFF,OFF,OFF,OFF,OFF,OFF,OFF,OFF,OFF,OFF,OFF,OFF,OFF,OFF,OFF,OFF,OFF,OFF,OFF,OFF,OFF,OFF,OFF,OFF,OFF,OFF,OFF,OFF,,0,"MM NEXEDGE Voice FM T77.0"
213,OFF,439.1,431.5,7.6,-RPT,ON,FM,AMS,ON,G Petit Lancy,OFF,67.0 Hz,023,RX Normal TX Normal,1600 Hz,RX 00,TX 00,High (5W),OFF,ON,6.25KHz,OFF,OFF,OFF,OFF,OFF,OFF,OFF,OFF,OFF,OFF,OFF,OFF,OFF,OFF,OFF,OFF,OFF,OFF,OFF,OFF,OFF,OFF,OFF,OFF,OFF,OFF,OFF,OFF,OFF,OFF,,0,"NFM"
214,OFF,439.1,431.5,7.6,-RPT,ON,FM,AMS,ON,ZF Bachtel,OFF,67.0 Hz,023,RX Normal TX Normal,1600 Hz,RX 00,TX 00,High (5W),OFF,ON,6.25KHz,OFF,OFF,OFF,OFF,OFF,OFF,OFF,OFF,OFF,OFF,OFF,OFF,OFF,OFF,OFF,OFF,OFF,OFF,OFF,OFF,OFF,OFF,OFF,OFF,OFF,OFF,OFF,OFF,OFF,OFF,,0,"DMR-B #228807 CC1"
215,OFF,439.125,431.525,7.6,-RPT,ON,FM,AMS,ON,FM Basel,TONE,71.9 Hz,023,RX Normal TX Normal,1600 Hz,RX 00,TX 00,High (5W),OFF,ON,6.25KHz,OFF,OFF,OFF,OFF,OFF,OFF,OFF,OFF,OFF,OFF,OFF,OFF,OFF,OFF,OFF,OFF,OFF,OFF,OFF,OFF,OFF,OFF,OFF,OFF,OFF,OFF,OFF,OFF,OFF,OFF,,0,"FM T71.9"
216,OFF,439.125,431.525,7.6,-RPT,ON,FM,AMS,ON,AW Twerenegg,OFF,67.0 Hz,023,RX Normal TX Normal,1600 Hz,RX 00,TX 00,High (5W),OFF,ON,6.25KHz,OFF,OFF,OFF,OFF,OFF,OFF,OFF,OFF,OFF,OFF,OFF,OFF,OFF,OFF,OFF,OFF,OFF,OFF,OFF,OFF,OFF,OFF,OFF,OFF,OFF,OFF,OFF,OFF,OFF,OFF,,0,"D-STAR CCS#61302"
217,OFF,439.15,431.55,7.6,-RPT,ON,FM,AMS,ON,UF Winterthur,TONE,88.5 Hz,023,RX Normal TX Normal,1600 Hz,RX 00,TX 00,High (5W),OFF,ON,6.25KHz,OFF,OFF,OFF,OFF,OFF,OFF,OFF,OFF,OFF,OFF,OFF,OFF,OFF,OFF,OFF,OFF,OFF,OFF,OFF,OFF,OFF,OFF,OFF,OFF,OFF,OFF,OFF,OFF,OFF,OFF,,0,"FM T88.5 ""W"""
218,OFF,439.15,431.55,7.6,-RPT,ON,FM,AMS,ON,UHF Vairano,TONE,71.9 Hz,023,RX Normal TX Normal,1600 Hz,RX 00,TX 00,High (5W),OFF,ON,6.25KHz,OFF,OFF,OFF,OFF,OFF,OFF,OFF,OFF,OFF,OFF,OFF,OFF,OFF,OFF,OFF,OFF,OFF,OFF,OFF,OFF,OFF,OFF,OFF,OFF,OFF,OFF,OFF,OFF,OFF,OFF,,0,"EL#439150 FM T71.9"
219,OFF,439.15,431.55,7.6,-RPT,ON,FM,AMS,ON,UF Zofingen,TONE,71.9 Hz,023,RX Normal TX Normal,1600 Hz,RX 00,TX 00,High (5W),OFF,ON,6.25KHz,OFF,OFF,OFF,OFF,OFF,OFF,OFF,OFF,OFF,OFF,OFF,OFF,OFF,OFF,OFF,OFF,OFF,OFF,OFF,OFF,OFF,OFF,OFF,OFF,OFF,OFF,OFF,OFF,OFF,OFF,,0,"EL#612317 FM T71.9"
220,OFF,439.2,431.6,7.6,-RPT,ON,FM,AMS,ON,AE Lutry,OFF,67.0 Hz,023,RX Normal TX Normal,1600 Hz,RX 00,TX 00,High (5W),OFF,ON,6.25KHz,OFF,OFF,OFF,OFF,OFF,OFF,OFF,OFF,OFF,OFF,OFF,OFF,OFF,OFF,OFF,OFF,OFF,OFF,OFF,OFF,OFF,OFF,OFF,OFF,OFF,OFF,OFF,OFF,OFF,OFF,,0,"DMR-B #228103 CC1"
221,OFF,439.2,431.6,7.6,-RPT,ON,FM,AMS,ON,T Trubschachen,TONE,100.0 Hz,023,RX Normal TX Normal,1600 Hz,RX 00,TX 00,High (5W),OFF,ON,6.25KHz,OFF,OFF,OFF,OFF,OFF,OFF,OFF,OFF,OFF,OFF,OFF,OFF,OFF,OFF,OFF,OFF,OFF,OFF,OFF,OFF,OFF,OFF,OFF,OFF,OFF,OFF,OFF,OFF,OFF,OFF,,0,"C4FM #31927 FM T100.0 <->"
222,OFF,439.2,431.6,7.6,-RPT,ON,FM,AMS,ON,HORU Zermatt VS,TONE,94.8 Hz,023,RX Normal TX Normal,1600 Hz,RX 00,TX 00,High (5W),OFF,ON,6.25KHz,OFF,OFF,OFF,OFF,OFF,OFF,OFF,OFF,OFF,OFF,OFF,OFF,OFF,OFF,OFF,OFF,OFF,OFF,OFF,OFF,OFF,OFF,OFF,OFF,OFF,OFF,OFF,OFF,OFF,OFF,,0,"C4FM #34205 T94.8 <>HB9T"
223,OFF,439.2,431.6,7.6,-RPT,ON,FM,AMS,ON,RW Domleschg,TONE,141.3 Hz,023,RX Normal TX Normal,1600 Hz,RX 00,TX 00,High (5W),OFF,ON,6.25KHz,OFF,OFF,OFF,OFF,OFF,OFF,OFF,OFF,OFF,OFF,OFF,OFF,OFF,OFF,OFF,OFF,OFF,OFF,OFF,OFF,OFF,OFF,OFF,OFF,OFF,OFF,OFF,OFF,OFF,OFF,,0,"Notfunkrelais NFM T141.3"
224,OFF,439.225,431.625,7.6,-RPT,ON,FM,AMS,ON,ZO Gossau,TONE,71.9 Hz,023,RX Normal TX Normal,1600 Hz,RX 00,TX 00,High (5W),OFF,ON,6.25KHz,OFF,OFF,OFF,OFF,OFF,OFF,OFF,OFF,OFF,OFF,OFF,OFF,OFF,OFF,OFF,OFF,OFF,OFF,OFF,OFF,OFF,OFF,OFF,OFF,OFF,OFF,OFF,OFF,OFF,OFF,,0,"FM T71.9"
225,OFF,439.225,431.625,7.6,-RPT,ON,FM,AMS,ON,VD Le Chasseron,TONE,67.0 Hz,023,RX Normal TX Normal,1600 Hz,RX 00,TX 00,High (5W),OFF,ON,6.25KHz,OFF,OFF,OFF,OFF,OFF,OFF,OFF,OFF,OFF,OFF,OFF,OFF,OFF,OFF,OFF,OFF,OFF,OFF,OFF,OFF,OFF,OFF,OFF,OFF,OFF,OFF,OFF,OFF,OFF,OFF,,0,"EL#7336 FM T67.0"
226,OFF,439.25,431.65,7.6,-RPT,ON,FM,AMS,ON,FS Bad Ramsach,OFF,67.0 Hz,023,RX Normal TX Normal,1600 Hz,RX 00,TX 00,High (5W),OFF,ON,6.25KHz,OFF,OFF,OFF,OFF,OFF,OFF,OFF,OFF,OFF,OFF,OFF,OFF,OFF,OFF,OFF,OFF,OFF,OFF,OFF,OFF,OFF,OFF,OFF,OFF,OFF,OFF,OFF,OFF,OFF,OFF,,0,"FM 1750Hz"
227,OFF,439.25,431.65,7.6,-RPT,ON,FM,AMS,ON,AW Willisau,TONE,71.9 Hz,023,RX Normal TX Normal,1600 Hz,RX 00,TX 00,High (5W),OFF,ON,6.25KHz,OFF,OFF,OFF,OFF,OFF,OFF,OFF,OFF,OFF,OFF,OFF,OFF,OFF,OFF,OFF,OFF,OFF,OFF,OFF,OFF,OFF,OFF,OFF,OFF,OFF,OFF,OFF,OFF,OFF,OFF,,0,"EL#6879 FM T71.9"
228,OFF,439.25,431.65,7.6,-RPT,ON,FM,AMS,ON,HB4FL-LAiguille,OFF,67.0 Hz,023,RX Normal TX Normal,1600 Hz,RX 00,TX 00,High (5W),OFF,ON,6.25KHz,OFF,OFF,OFF,OFF,OFF,OFF,OFF,OFF,OFF,OFF,OFF,OFF,OFF,OFF,OFF,OFF,OFF,OFF,OFF,OFF,OFF,OFF,OFF,OFF,OFF,OFF,OFF,OFF,OFF,OFF,,0,"DMR-B #228118 CC2"
229,OFF,439.275,431.675,7.6,-RPT,ON,FM,AMS,ON,HD Fronalpstock,TONE,71.9 Hz,023,RX Normal TX Normal,1600 Hz,RX 00,TX 00,High (5W),OFF,ON,6.25KHz,OFF,OFF,OFF,OFF,OFF,OFF,OFF,OFF,OFF,OFF,OFF,OFF,OFF,OFF,OFF,OFF,OFF,OFF,OFF,OFF,OFF,OFF,OFF,OFF,OFF,OFF,OFF,OFF,OFF,OFF,,0,"FM T71.9 <>10m"
230,OFF,439.275,431.675,7.6,-RPT,ON,FM,AMS,ON,GE Geneve,TONE,88.5 Hz,023,RX Normal TX Normal,1600 Hz,RX 00,TX 00,High (5W),OFF,ON,6.25KHz,OFF,OFF,OFF,OFF,OFF,OFF,OFF,OFF,OFF,OFF,OFF,OFF,OFF,OFF,OFF,OFF,OFF,OFF,OFF,OFF,OFF,OFF,OFF,OFF,OFF,OFF,OFF,OFF,OFF,OFF,,0,"WIRES II Gateway FM T88.5"
231,OFF,439.275,431.675,7.6,-RPT,ON,FM,AMS,ON,TF Muottas Mura,TONE,141.3 Hz,023,RX Normal TX Normal,1600 Hz,RX 00,TX 00,High (5W),OFF,ON,6.25KHz,OFF,OFF,OFF,OFF,OFF,OFF,OFF,OFF,OFF,OFF,OFF,OFF,OFF,OFF,OFF,OFF,OFF,OFF,OFF,OFF,OFF,OFF,OFF,OFF,OFF,OFF,OFF,OFF,OFF,OFF,,0,"C4FM #37857 NFM T141.3"
232,OFF,439.3,431.7,7.6,-RPT,ON,FM,AMS,ON,T Niederhorn,TONE,94.8 Hz,023,RX Normal TX Normal,1600 Hz,RX 00,TX 00,High (5W),OFF,ON,6.25KHz,OFF,OFF,OFF,OFF,OFF,OFF,OFF,OFF,OFF,OFF,OFF,OFF,OFF,OFF,OFF,OFF,OFF,OFF,OFF,OFF,OFF,OFF,OFF,OFF,OFF,OFF,OFF,OFF,OFF,OFF,,0,"EL#496706 T94.8 C4#34119"
233,OFF,439.3,431.7,7.6,-RPT,ON,FM,AMS,ON,SP Zuerich,TONE,77.0 Hz,023,RX Normal TX Normal,1600 Hz,RX 00,TX 00,High (5W),OFF,ON,6.25KHz,OFF,OFF,OFF,OFF,OFF,OFF,OFF,OFF,OFF,OFF,OFF,OFF,OFF,OFF,OFF,OFF,OFF,OFF,OFF,OFF,OFF,OFF,OFF,OFF,OFF,OFF,OFF,OFF,OFF,OFF,,0,"APCO-P25 NAC$293 FM T77.0"
234,OFF,439.325,431.725,7.6,-RPT,ON,FM,AMS,ON,BS Gempenfluh,TONE,71.9 Hz,023,RX Normal TX Normal,1600 Hz,RX 00,TX 00,High (5W),OFF,ON,6.25KHz,OFF,OFF,OFF,OFF,OFF,OFF,OFF,OFF,OFF,OFF,OFF,OFF,OFF,OFF,OFF,OFF,OFF,OFF,OFF,OFF,OFF,OFF,OFF,OFF,OFF,OFF,OFF,OFF,OFF,OFF,,0,"FM T71.9 1750Hz I *70/71"
235,OFF,439.3375,439.3375,7.6,-RPT,ON,FM,AMS,ON,PE Chateau-dOex,OFF,67.0 Hz,023,RX Normal TX Normal,1600 Hz,RX 00,TX 00,High (5W),OFF,ON,6.25KHz,OFF,OFF,OFF,OFF,OFF,OFF,OFF,OFF,OFF,OFF,OFF,OFF,OFF,OFF,OFF,OFF,OFF,OFF,OFF,OFF,OFF,OFF,OFF,OFF,OFF,OFF,OFF,OFF,OFF,OFF,,0,"SIMPLEX NOT IARU CONFORM"
236,OFF,439.35,431.75,7.6,-RPT,ON,FM,AMS,ON,HAI Weissfluhgip,TONE,141.3 Hz,023,RX Normal TX Normal,1600 Hz,RX 00,TX 00,High (5W),OFF,ON,6.25KHz,OFF,OFF,OFF,OFF,OFF,OFF,OFF,OFF,OFF,OFF,OFF,OFF,OFF,OFF,OFF,OFF,OFF,OFF,OFF,OFF,OFF,OFF,OFF,OFF,OFF,OFF,OFF,OFF,OFF,OFF,,0,"APCO P25 NFM T141.3"
237,OFF,439.35,431.75,7.6,-RPT,ON,FM,AMS,ON,ZG Affoltern aA,TONE,103.5 Hz,023,RX Normal TX Normal,1600 Hz,RX 00,TX 00,High (5W),OFF,ON,6.25KHz,OFF,OFF,OFF,OFF,OFF,OFF,OFF,OFF,OFF,OFF,OFF,OFF,OFF,OFF,OFF,OFF,OFF,OFF,OFF,OFF,OFF,OFF,OFF,OFF,OFF,OFF,OFF,OFF,OFF,OFF,,0,"NFM T103.5 EL<>Hünenberg"
238,OFF,439.375,431.775,7.6,-RPT,ON,FM,AMS,ON,XC Loveresse,TONE,67.0 Hz,023,RX Normal TX Normal,1600 Hz,RX 00,TX 00,High (5W),OFF,ON,6.25KHz,OFF,OFF,OFF,OFF,OFF,OFF,OFF,OFF,OFF,OFF,OFF,OFF,OFF,OFF,OFF,OFF,OFF,OFF,OFF,OFF,OFF,OFF,OFF,OFF,OFF,OFF,OFF,OFF,OFF,OFF,,0,"FM T67.0"
239,OFF,439.375,431.775,7.6,-RPT,ON,FM,AMS,ON,GL Zuerich,TONE,71.9 Hz,023,RX Normal TX Normal,1600 Hz,RX 00,TX 00,High (5W),OFF,ON,6.25KHz,OFF,OFF,OFF,OFF,OFF,OFF,OFF,OFF,OFF,OFF,OFF,OFF,OFF,OFF,OFF,OFF,OFF,OFF,OFF,OFF,OFF,OFF,OFF,OFF,OFF,OFF,OFF,OFF,OFF,OFF,,0,"EL#41140 T71.9 <>Mollis"
240,OFF,439.4,431.8,7.6,-RPT,ON,FM,AMS,ON,ZF Bachtel,TONE,71.9 Hz,023,RX Normal TX Normal,1600 Hz,RX 00,TX 00,High (5W),OFF,ON,6.25KHz,OFF,OFF,OFF,OFF,OFF,OFF,OFF,OFF,OFF,OFF,OFF,OFF,OFF,OFF,OFF,OFF,OFF,OFF,OFF,OFF,OFF,OFF,OFF,OFF,OFF,OFF,OFF,OFF,OFF,OFF,,0,"EL#37913 T71.9 <>HB9CF"
241,OFF,439.4,431.8,7.6,-RPT,ON,FM,AMS,ON,GOMS Reckingen ,TONE,71.9 Hz,023,RX Normal TX Normal,1600 Hz,RX 00,TX 00,High (5W),OFF,ON,6.25KHz,OFF,OFF,OFF,OFF,OFF,OFF,OFF,OFF,OFF,OFF,OFF,OFF,OFF,OFF,OFF,OFF,OFF,OFF,OFF,OFF,OFF,OFF,OFF,OFF,OFF,OFF,OFF,OFF,OFF,OFF,,0,"EL#507099 FM T71.9 QRT"
242,OFF,439.4,431.8,7.6,-RPT,ON,FM,AMS,ON,BR Lutry,TONE,67.0 Hz,023,RX Normal TX Normal,1600 Hz,RX 00,TX 00,High (5W),OFF,ON,6.25KHz,OFF,OFF,OFF,OFF,OFF,OFF,OFF,OFF,OFF,OFF,OFF,OFF,OFF,OFF,OFF,OFF,OFF,OFF,OFF,OFF,OFF,OFF,OFF,OFF,OFF,OFF,OFF,OFF,OFF,OFF,,0,"FM T67.0"
243,OFF,439.4,431.8,7.6,-RPT,ON,FM,AMS,ON,Y Hungerberg,OFF,67.0 Hz,023,RX Normal TX Normal,1600 Hz,RX 00,TX 00,High (5W),OFF,ON,6.25KHz,OFF,OFF,OFF,OFF,OFF,OFF,OFF,OFF,OFF,OFF,OFF,OFF,OFF,OFF,OFF,OFF,OFF,OFF,OFF,OFF,OFF,OFF,OFF,OFF,OFF,OFF,OFF,OFF,OFF,OFF,,0,"EchoLink-Gateway (SVX)"
244,OFF,439.4125,431.8125,7.6,-RPT,ON,FM,AMS,ON,BO Niesen,OFF,67.0 Hz,023,RX Normal TX Normal,1600 Hz,RX 00,TX 00,High (5W),OFF,ON,6.25KHz,OFF,OFF,OFF,OFF,OFF,OFF,OFF,OFF,OFF,OFF,OFF,OFF,OFF,OFF,OFF,OFF,OFF,OFF,OFF,OFF,OFF,OFF,OFF,OFF,OFF,OFF,OFF,OFF,OFF,OFF,,0,"DMR-B #228312 CC2 P25"
245,OFF,439.425,431.825,7.6,-RPT,ON,FM,AMS,ON,GE Geneve,TONE,67.0 Hz,023,RX Normal TX Normal,1600 Hz,RX 00,TX 00,High (5W),OFF,ON,6.25KHz,OFF,OFF,OFF,OFF,OFF,OFF,OFF,OFF,OFF,OFF,OFF,OFF,OFF,OFF,OFF,OFF,OFF,OFF,OFF,OFF,OFF,OFF,OFF,OFF,OFF,OFF,OFF,OFF,OFF,OFF,,0,"EL#4167 FM T67.0"
246,OFF,439.425,431.825,7.6,-RPT,ON,FM,AMS,ON,GR Valens,TONE,141.3 Hz,023,RX Normal TX Normal,1600 Hz,RX 00,TX 00,High (5W),OFF,ON,6.25KHz,OFF,OFF,OFF,OFF,OFF,OFF,OFF,OFF,OFF,OFF,OFF,OFF,OFF,OFF,OFF,OFF,OFF,OFF,OFF,OFF,OFF,OFF,OFF,OFF,OFF,OFF,OFF,OFF,OFF,OFF,,0,"MM DMR #228705 CC4 T141.3"
247,OFF,439.4375,431.8375,7.6,-RPT,ON,FM,AMS,ON,PE Rougement,OFF,67.0 Hz,023,RX Normal TX Normal,1600 Hz,RX 00,TX 00,High (5W),OFF,ON,6.25KHz,OFF,OFF,OFF,OFF,OFF,OFF,OFF,OFF,OFF,OFF,OFF,OFF,OFF,OFF,OFF,OFF,OFF,OFF,OFF,OFF,OFF,OFF,OFF,OFF,OFF,OFF,OFF,OFF,OFF,OFF,,0,"DMR-B #228129 CC2"
248,OFF,439.4375,431.8375,7.6,-RPT,ON,FM,AMS,ON,TG Wetzikon,OFF,67.0 Hz,023,RX Normal TX Normal,1600 Hz,RX 00,TX 00,High (5W),OFF,ON,6.25KHz,OFF,OFF,OFF,OFF,OFF,OFF,OFF,OFF,OFF,OFF,OFF,OFF,OFF,OFF,OFF,OFF,OFF,OFF,OFF,OFF,OFF,OFF,OFF,OFF,OFF,OFF,OFF,OFF,OFF,OFF,,0,"DMR-B #228814 CC1"
249,OFF,439.45,431.85,7.6,-RPT,ON,FM,AMS,ON,BG Belp,TONE,88.5 Hz,023,RX Normal TX Normal,1600 Hz,RX 00,TX 00,High (5W),OFF,ON,6.25KHz,OFF,OFF,OFF,OFF,OFF,OFF,OFF,OFF,OFF,OFF,OFF,OFF,OFF,OFF,OFF,OFF,OFF,OFF,OFF,OFF,OFF,OFF,OFF,OFF,OFF,OFF,OFF,OFF,OFF,OFF,,0,"EL#276406 NFM T88.5"
250,OFF,439.45,431.85,7.6,-RPT,ON,FM,AMS,ON,RL Locarno,OFF,67.0 Hz,023,RX Normal TX Normal,1600 Hz,RX 00,TX 00,High (5W),OFF,ON,6.25KHz,OFF,OFF,OFF,OFF,OFF,OFF,OFF,OFF,OFF,OFF,OFF,OFF,OFF,OFF,OFF,OFF,OFF,OFF,OFF,OFF,OFF,OFF,OFF,OFF,OFF,OFF,OFF,OFF,OFF,OFF,,0,"D-STAR CCS#47572"
251,OFF,439.45,431.85,7.6,-RPT,ON,FM,AMS,ON,W Winterthur,OFF,67.0 Hz,023,RX Normal TX Normal,1600 Hz,RX 00,TX 00,High (5W),OFF,ON,6.25KHz,OFF,OFF,OFF,OFF,OFF,OFF,OFF,OFF,OFF,OFF,OFF,OFF,OFF,OFF,OFF,OFF,OFF,OFF,OFF,OFF,OFF,OFF,OFF,OFF,OFF,OFF,OFF,OFF,OFF,OFF,,0,"D-STAR CCS#84002"
252,OFF,439.45,431.85,7.6,-RPT,ON,FM,AMS,ON,OK Viano,OFF,67.0 Hz,023,RX Normal TX Normal,1600 Hz,RX 00,TX 00,High (5W),OFF,ON,6.25KHz,OFF,OFF,OFF,OFF,OFF,OFF,OFF,OFF,OFF,OFF,OFF,OFF,OFF,OFF,OFF,OFF,OFF,OFF,OFF,OFF,OFF,OFF,OFF,OFF,OFF,OFF,OFF,OFF,OFF,OFF,,0,"DMR-B #228708 CC1"
253,OFF,439.45,431.85,7.6,-RPT,ON,FM,AMS,ON,Y Bagnes,OFF,67.0 Hz,023,RX Normal TX Normal,1600 Hz,RX 00,TX 00,High (5W),OFF,ON,6.25KHz,OFF,OFF,OFF,OFF,OFF,OFF,OFF,OFF,OFF,OFF,OFF,OFF,OFF,OFF,OFF,OFF,OFF,OFF,OFF,OFF,OFF,OFF,OFF,OFF,OFF,OFF,OFF,OFF,OFF,OFF,,0,"DMR-B #228314 CC3"
254,OFF,439.4625,431.8625,7.6,-RPT,ON,FM,AMS,ON,ZG Rigi Scheide,OFF,67.0 Hz,023,RX Normal TX Normal,1600 Hz,RX 00,TX 00,High (5W),OFF,ON,6.25KHz,OFF,OFF,OFF,OFF,OFF,OFF,OFF,OFF,OFF,OFF,OFF,OFF,OFF,OFF,OFF,OFF,OFF,OFF,OFF,OFF,OFF,OFF,OFF,OFF,OFF,OFF,OFF,OFF,OFF,OFF,,0,"D-STAR CCS#63002 B"
255,OFF,439.4625,431.8625,7.6,-RPT,ON,FM,AMS,ON,ARRS Fribourg,OFF,67.0 Hz,023,RX Normal TX Normal,1600 Hz,RX 00,TX 00,High (5W),OFF,ON,6.25KHz,OFF,OFF,OFF,OFF,OFF,OFF,OFF,OFF,OFF,OFF,OFF,OFF,OFF,OFF,OFF,OFF,OFF,OFF,OFF,OFF,OFF,OFF,OFF,OFF,OFF,OFF,OFF,OFF,OFF,OFF,,0,"C4FM"
256,OFF,439.475,431.875,7.6,-RPT,ON,FM,AMS,ON,F Schilthorn,TONE,94.8 Hz,023,RX Normal TX Normal,1600 Hz,RX 00,TX 00,High (5W),OFF,ON,6.25KHz,OFF,OFF,OFF,OFF,OFF,OFF,OFF,OFF,OFF,OFF,OFF,OFF,OFF,OFF,OFF,OFF,OFF,OFF,OFF,OFF,OFF,OFF,OFF,OFF,OFF,OFF,OFF,OFF,OFF,OFF,,0,"C4FM*/NFM T94.8"
257,OFF,439.475,431.875,7.6,-RPT,ON,FM,AMS,ON,HAI Weissfluhgip,OFF,67.0 Hz,023,RX Normal TX Normal,1600 Hz,RX 00,TX 00,High (5W),OFF,ON,6.25KHz,OFF,OFF,OFF,OFF,OFF,OFF,OFF,OFF,OFF,OFF,OFF,OFF,OFF,OFF,OFF,OFF,OFF,OFF,OFF,OFF,OFF,OFF,OFF,OFF,OFF,OFF,OFF,OFF,OFF,OFF,,0,"DMR-I #228702 CC7 SWI"
258,OFF,439.4875,431.8875,7.6,-RPT,ON,FM,AMS,ON,Y Hungerberg,OFF,67.0 Hz,023,RX Normal TX Normal,1600 Hz,RX 00,TX 00,High (5W),OFF,ON,6.25KHz,OFF,OFF,OFF,OFF,OFF,OFF,OFF,OFF,OFF,OFF,OFF,OFF,OFF,OFF,OFF,OFF,OFF,OFF,OFF,OFF,OFF,OFF,OFF,OFF,OFF,OFF,OFF,OFF,OFF,OFF,,0,"DMR-B #228316 CC3"
259,OFF,439.4875,431.9875,7.6,-RPT,ON,FM,AMS,ON,DD Monte Genero,TONE,103.5 Hz,023,RX Normal TX Normal,1600 Hz,RX 00,TX 00,High (5W),OFF,ON,6.25KHz,OFF,OFF,OFF,OFF,OFF,OFF,OFF,OFF,OFF,OFF,OFF,OFF,OFF,OFF,OFF,OFF,OFF,OFF,OFF,OFF,OFF,OFF,OFF,OFF,OFF,OFF,OFF,OFF,OFF,OFF,,0,"NFM T103.5 !special Shift"
260,OFF,439.5,431.9,7.6,-RPT,ON,FM,AMS,ON,F Brienzer Rotho,OFF,67.0 Hz,023,RX Normal TX Normal,1600 Hz,RX 00,TX 00,High (5W),OFF,ON,6.25KHz,OFF,OFF,OFF,OFF,OFF,OFF,OFF,OFF,OFF,OFF,OFF,OFF,OFF,OFF,OFF,OFF,OFF,OFF,OFF,OFF,OFF,OFF,OFF,OFF,OFF,OFF,OFF,OFF,OFF,OFF,,0,"DMR-B #228301 CC1"
261,OFF,439.5,431.9,7.6,-RPT,ON,FM,AMS,ON,Y Trockener Steg,OFF,67.0 Hz,023,RX Normal TX Normal,1600 Hz,RX 00,TX 00,High (5W),OFF,ON,6.25KHz,OFF,OFF,OFF,OFF,OFF,OFF,OFF,OFF,OFF,OFF,OFF,OFF,OFF,OFF,OFF,OFF,OFF,OFF,OFF,OFF,OFF,OFF,OFF,OFF,OFF,OFF,OFF,OFF,OFF,OFF,,0,"DMR-B #228315 CC3"
262,OFF,439.5,431.9,7.6,-RPT,ON,FM,AMS,ON,GE Geneve,OFF,67.0 Hz,023,RX Normal TX Normal,1600 Hz,RX 00,TX 00,High (5W),OFF,ON,6.25KHz,OFF,OFF,OFF,OFF,OFF,OFF,OFF,OFF,OFF,OFF,OFF,OFF,OFF,OFF,OFF,OFF,OFF,OFF,OFF,OFF,OFF,OFF,OFF,OFF,OFF,OFF,OFF,OFF,OFF,OFF,,0,"DMR"
263,OFF,439.5125,431.9125,7.6,-RPT,ON,FM,AMS,ON,VD Le Chasseron,OFF,67.0 Hz,023,RX Normal TX Normal,1600 Hz,RX 00,TX 00,High (5W),OFF,ON,6.25KHz,OFF,OFF,OFF,OFF,OFF,OFF,OFF,OFF,OFF,OFF,OFF,OFF,OFF,OFF,OFF,OFF,OFF,OFF,OFF,OFF,OFF,OFF,OFF,OFF,OFF,OFF,OFF,OFF,OFF,OFF,,0,"D-STAR CCS#26342"
264,OFF,439.5125,431.9125,7.6,-RPT,ON,FM,AMS,ON,DS Grosswangen,OFF,67.0 Hz,023,RX Normal TX Normal,1600 Hz,RX 00,TX 00,High (5W),OFF,ON,6.25KHz,OFF,OFF,OFF,OFF,OFF,OFF,OFF,OFF,OFF,OFF,OFF,OFF,OFF,OFF,OFF,OFF,OFF,OFF,OFF,OFF,OFF,OFF,OFF,OFF,OFF,OFF,OFF,OFF,OFF,OFF,,0,"DMR-B/I #228693 CC1 SWISS"
265,OFF,439.525,431.925,7.6,-RPT,ON,FM,AMS,ON,BO Brienzer Roth,OFF,67.0 Hz,023,RX Normal TX Normal,1600 Hz,RX 00,TX 00,High (5W),OFF,ON,6.25KHz,OFF,OFF,OFF,OFF,OFF,OFF,OFF,OFF,OFF,OFF,OFF,OFF,OFF,OFF,OFF,OFF,OFF,OFF,OFF,OFF,OFF,OFF,OFF,OFF,OFF,OFF,OFF,OFF,OFF,OFF,,0,"D-STAR CCS#43452 DMR"
266,OFF,439.525,431.925,7.6,-RPT,ON,FM,AMS,ON,Y Vetroz,OFF,67.0 Hz,023,RX Normal TX Normal,1600 Hz,RX 00,TX 00,High (5W),OFF,ON,6.25KHz,OFF,OFF,OFF,OFF,OFF,OFF,OFF,OFF,OFF,OFF,OFF,OFF,OFF,OFF,OFF,OFF,OFF,OFF,OFF,OFF,OFF,OFF,OFF,OFF,OFF,OFF,OFF,OFF,OFF,OFF,,0,"DMR-B #228127 CC3"
267,OFF,439.5375,431.9375,7.6,-RPT,ON,FM,AMS,ON,ZG Rigi Scheide,OFF,67.0 Hz,023,RX Normal TX Normal,1600 Hz,RX 00,TX 00,High (5W),OFF,ON,6.25KHz,OFF,OFF,OFF,OFF,OFF,OFF,OFF,OFF,OFF,OFF,OFF,OFF,OFF,OFF,OFF,OFF,OFF,OFF,OFF,OFF,OFF,OFF,OFF,OFF,OFF,OFF,OFF,OFF,OFF,OFF,,0,"DMR-B #228620 CC1"
268,OFF,439.5375,431.9375,7.6,-RPT,ON,FM,AMS,ON,VSD Verbier,OFF,67.0 Hz,023,RX Normal TX Normal,1600 Hz,RX 00,TX 00,High (5W),OFF,ON,6.25KHz,OFF,OFF,OFF,OFF,OFF,OFF,OFF,OFF,OFF,OFF,OFF,OFF,OFF,OFF,OFF,OFF,OFF,OFF,OFF,OFF,OFF,OFF,OFF,OFF,OFF,OFF,OFF,OFF,OFF,OFF,,0,"DMR-B #228111 CC2"
269,OFF,439.5375,431.9375,7.6,-RPT,ON,FM,AMS,ON,EAS Basel,OFF,67.0 Hz,023,RX Normal TX Normal,1600 Hz,RX 00,TX 00,High (5W),OFF,ON,6.25KHz,OFF,OFF,OFF,OFF,OFF,OFF,OFF,OFF,OFF,OFF,OFF,OFF,OFF,OFF,OFF,OFF,OFF,OFF,OFF,OFF,OFF,OFF,OFF,OFF,OFF,OFF,OFF,OFF,OFF,OFF,,0,"MM:DMR-B#228413/DSTA/C4FM"
270,OFF,439.5375,431.9375,7.6,-RPT,ON,FM,AMS,ON,H San Bernardino,OFF,67.0 Hz,023,RX Normal TX Normal,1600 Hz,RX 00,TX 00,High (5W),OFF,ON,6.25KHz,OFF,OFF,OFF,OFF,OFF,OFF,OFF,OFF,OFF,OFF,OFF,OFF,OFF,OFF,OFF,OFF,OFF,OFF,OFF,OFF,OFF,OFF,OFF,OFF,OFF,OFF,OFF,OFF,OFF,OFF,,0,"D-STAR HB9H_B"
271,OFF,439.5625,431.9625,7.6,-RPT,ON,FM,AMS,ON,BO Interlaken,OFF,67.0 Hz,023,RX Normal TX Normal,1600 Hz,RX 00,TX 00,High (5W),OFF,ON,6.25KHz,OFF,OFF,OFF,OFF,OFF,OFF,OFF,OFF,OFF,OFF,OFF,OFF,OFF,OFF,OFF,OFF,OFF,OFF,OFF,OFF,OFF,OFF,OFF,OFF,OFF,OFF,OFF,OFF,OFF,OFF,,0,"DMR-I #228300 CC1"
272,OFF,439.5625,431.9625,7.6,-RPT,ON,FM,AMS,ON,OK Piz Nair,OFF,67.0 Hz,023,RX Normal TX Normal,1600 Hz,RX 00,TX 00,High (5W),OFF,ON,6.25KHz,OFF,OFF,OFF,OFF,OFF,OFF,OFF,OFF,OFF,OFF,OFF,OFF,OFF,OFF,OFF,OFF,OFF,OFF,OFF,OFF,OFF,OFF,OFF,OFF,OFF,OFF,OFF,OFF,OFF,OFF,,0,"DMR-B #228704 CC1"
273,OFF,439.5625,431.9625,7.6,-RPT,ON,FM,AMS,ON,DR Hinterrhein,OFF,67.0 Hz,023,RX Normal TX Normal,1600 Hz,RX 00,TX 00,High (5W),OFF,ON,6.25KHz,OFF,OFF,OFF,OFF,OFF,OFF,OFF,OFF,OFF,OFF,OFF,OFF,OFF,OFF,OFF,OFF,OFF,OFF,OFF,OFF,OFF,OFF,OFF,OFF,OFF,OFF,OFF,OFF,OFF,OFF,,0,"DMR-B #228706 CC2"
274,OFF,439.5625,431.9625,7.6,-RPT,ON,FM,AMS,ON,MM Les Pleiades,OFF,67.0 Hz,023,RX Normal TX Normal,1600 Hz,RX 00,TX 00,High (5W),OFF,ON,6.25KHz,OFF,OFF,OFF,OFF,OFF,OFF,OFF,OFF,OFF,OFF,OFF,OFF,OFF,OFF,OFF,OFF,OFF,OFF,OFF,OFF,OFF,OFF,OFF,OFF,OFF,OFF,OFF,OFF,OFF,OFF,,0,"DMR-B #228122 CC1"
275,OFF,439.5625,431.9625,7.6,-RPT,ON,FM,AMS,ON,TF Zuerich,TONE,91.5 Hz,023,RX Normal TX Normal,1600 Hz,RX 00,TX 00,High (5W),OFF,ON,6.25KHz,OFF,OFF,OFF,OFF,OFF,OFF,OFF,OFF,OFF,OFF,OFF,OFF,OFF,OFF,OFF,OFF,OFF,OFF,OFF,OFF,OFF,OFF,OFF,OFF,OFF,OFF,OFF,OFF,OFF,OFF,,0,"C4FM #34083 NFM T91.5"
276,OFF,439.575,431.975,7.6,-RPT,ON,FM,AMS,ON,LU Luzern,OFF,67.0 Hz,023,RX Normal TX Normal,1600 Hz,RX 00,TX 00,High (5W),OFF,ON,6.25KHz,OFF,OFF,OFF,OFF,OFF,OFF,OFF,OFF,OFF,OFF,OFF,OFF,OFF,OFF,OFF,OFF,OFF,OFF,OFF,OFF,OFF,OFF,OFF,OFF,OFF,OFF,OFF,OFF,OFF,OFF,,0,"D-STAR CCS#60002"
277,OFF,439.575,431.975,7.6,-RPT,ON,FM,AMS,ON,TG Sulgen,OFF,67.0 Hz,023,RX Normal TX Normal,1600 Hz,RX 00,TX 00,High (5W),OFF,ON,6.25KHz,OFF,OFF,OFF,OFF,OFF,OFF,OFF,OFF,OFF,OFF,OFF,OFF,OFF,OFF,OFF,OFF,OFF,OFF,OFF,OFF,OFF,OFF,OFF,OFF,OFF,OFF,OFF,OFF,OFF,OFF,,0,"DMR-B #228816 CC1"
278,OFF,439.575,431.975,7.6,-RPT,ON,FM,AMS,ON,Y Moosalp,OFF,67.0 Hz,023,RX Normal TX Normal,1600 Hz,RX 00,TX 00,High (5W),OFF,ON,6.25KHz,OFF,OFF,OFF,OFF,OFF,OFF,OFF,OFF,OFF,OFF,OFF,OFF,OFF,OFF,OFF,OFF,OFF,OFF,OFF,OFF,OFF,OFF,OFF,OFF,OFF,OFF,OFF,OFF,OFF,OFF,,0,"DMR-B #228313 CC3"
279,OFF,439.5875,431.9875,7.6,-RPT,ON,FM,AMS,ON,IAC La Barillet,DCS,67.0 Hz,115,RX Normal TX Normal,1600 Hz,RX 00,TX 00,High (5W),OFF,ON,6.25KHz,OFF,OFF,OFF,OFF,OFF,OFF,OFF,OFF,OFF,OFF,OFF,OFF,OFF,OFF,OFF,OFF,OFF,OFF,OFF,OFF,OFF,OFF,OFF,OFF,OFF,OFF,OFF,OFF,OFF,OFF,,0,"C4FM StarNet DCS115A"
280,OFF,439.5875,431.9875,7.6,-RPT,ON,FM,AMS,ON,SG Inzenberg,TONE,71.9 Hz,023,RX Normal TX Normal,1600 Hz,RX 00,TX 00,High (5W),OFF,ON,6.25KHz,OFF,OFF,OFF,OFF,OFF,OFF,OFF,OFF,OFF,OFF,OFF,OFF,OFF,OFF,OFF,OFF,OFF,OFF,OFF,OFF,OFF,OFF,OFF,OFF,OFF,OFF,OFF,OFF,OFF,OFF,,0,"C4FM* NFM T71.9"
281,OFF,439.5875,431.9875,7.6,-RPT,ON,FM,AMS,ON,DS Grosswangen,OFF,67.0 Hz,023,RX Normal TX Normal,1600 Hz,RX 00,TX 00,High (5W),OFF,ON,6.25KHz,OFF,OFF,OFF,OFF,OFF,OFF,OFF,OFF,OFF,OFF,OFF,OFF,OFF,OFF,OFF,OFF,OFF,OFF,OFF,OFF,OFF,OFF,OFF,OFF,OFF,OFF,OFF,OFF,OFF,OFF,,0,"DMR-Relais"
282,OFF,439.5875,431.9875,7.6,-RPT,ON,FM,AMS,ON,DS Ruswil,OFF,67.0 Hz,023,RX Normal TX Normal,1600 Hz,RX 00,TX 00,High (5W),OFF,ON,6.25KHz,OFF,OFF,OFF,OFF,OFF,OFF,OFF,OFF,OFF,OFF,OFF,OFF,OFF,OFF,OFF,OFF,OFF,OFF,OFF,OFF,OFF,OFF,OFF,OFF,OFF,OFF,OFF,OFF,OFF,OFF,,0,"MultiMode C4FM/DMR"
283,OFF,439.6625,432.0625,7.6,-RPT,ON,FM,AMS,ON,PE Chateau-dOeux,OFF,67.0 Hz,023,RX Normal TX Normal,1600 Hz,RX 00,TX 00,High (5W),OFF,ON,6.25KHz,OFF,OFF,OFF,OFF,OFF,OFF,OFF,OFF,OFF,OFF,OFF,OFF,OFF,OFF,OFF,OFF,OFF,OFF,OFF,OFF,OFF,OFF,OFF,OFF,OFF,OFF,OFF,OFF,OFF,OFF,,0,"DMR !NOT IARU CONFORM!"
284,OFF,439.7875,439.7875,7.6,OFF,ON,FM,AMS,ON,BO Niesen,OFF,67.0 Hz,023,RX Normal TX Normal,1600 Hz,RX 00,TX 00,High (5W),OFF,ON,6.25KHz,OFF,OFF,OFF,OFF,OFF,OFF,OFF,OFF,OFF,OFF,OFF,OFF,OFF,OFF,OFF,OFF,OFF,OFF,OFF,OFF,OFF,OFF,OFF,OFF,OFF,OFF,OFF,OFF,OFF,OFF,,0,"DMR simplex"
